chave,valor
7,Aclimacao
2,Agua Branca
3,Agua Fria
4,Agua Funda
5,Agua Rasa
11,Alto da Lapa
12,Alto da Mooca
15,Alto da Riviera
14,Alto de Pinheiros
13,Alto do Pari
6,Altos de Vila Prudente
8,Americanopolis
9,Anhanguera
10,Aricanduva
1,Artur Alvim
16,Avenida Aguas Espraiadas
23,Balneário Dom Carlos
24,Balneário Mar Paulista
25,Balneário São Francisco
26,Balneário São Jose
27,Baronesa
19,Barra Funda
28,Barragem
18,Barro Branco
17,Bela Alianca
22,Bela Vista
29,Belem
30,Belenzinho
31,Boacava
21,Bom Retiro
32,Borore
33,Bortolandia
37,Bosque da Saude
35,Brasilandia
20,Brooklin Novo
36,Brooklin Paulista
34,Brás
38,Burgo Paulista
39,Butanta
89,Cachoeirinha
90,Cambuci
91,Campininha
203,Campo Belo
204,Campo Grande
205,Campo Limpo
53,Campos Eliseos
92,Cangaiba
93,Caninde
94,Cantareira
76,Capao Redondo
54,Capao da Embira
82,Capela do Socorro
95,Carandiru
96,Carrao
57,Casa Grande
88,Casa Verde
84,Casa Verde Alta
85,Casa Verde Baixa
86,Casa Verde Media
97,Catumbi
98,Caxingui
99,Centro
47,Cerqueira Cesar
147,Chapada
67,Chora Menino
101,Chácara Bandeirantes
102,Chácara Belenzinho
103,Chácara Bosque do Sul
105,Chácara California
106,Chácara Cocaia
104,Chácara Cruzeiro do Sul
108,Chácara Dona Olivia
111,Chácara Figueira Grande
112,Chácara Flora
113,Chácara Florida
114,Chácara Gaivota
115,Chácara Inglesa
116,Chácara Itaim
117,Chácara Japonesa
118,Chácara Jaragua
120,Chácara Mafalda
119,Chácara Maria Trindade
121,Chácara Meyer
123,Chácara Monte Alegre
124,Chácara Monte Sol
122,Chácara Morro Alto
127,Chácara Nani
125,Chácara Nossa Senhora Aparecida
126,Chácara Nossa Senhora do Bom Cons
130,Chácara Paiva
132,Chácara Pirajussara
128,Chácara Pouso Alegre
136,Chácara Santa Etelvina
140,Chácara Santa Maria
142,Chácara Santana
133,Chácara Santo Amaro
134,Chácara Santo Antonio
137,Chácara Santo Hubertus
100,Chácara Seis de Outubro
135,Chácara Sonho Azul
138,Chácara São Joao
139,Chácara São Luis
141,Chácara São Silvestre
144,Chácara Tatuape
143,Chácara Tres Meninas
145,Chácara Vista Alegre
146,Chácara Vovo
110,Chácara da Enseada
107,Chácara das Corujas
129,Chácara das Paineiras
131,Chácara das Palmeiras
109,Chácara do Encosto
41,Cidade Ademar
40,Cidade Antonio Estevao de Carvalh
43,Cidade Auxiliadora
46,Cidade Centenario
48,Cidade Continental
50,Cidade D'abril
51,Cidade Domitila
52,Cidade Dutra
56,Cidade Fim de Semana
58,Cidade Ipava
59,Cidade Jardim
60,Cidade Julia
61,Cidade Kemel
62,Cidade Leonor
63,Cidade Lider
64,Cidade Mae do Ceu
68,Cidade Moncoes
65,Cidade Munhoz Junior
73,Cidade Nautica
70,Cidade Nitro Operaria
71,Cidade Nitro Quimica
69,Cidade Nova Heliopolis
72,Cidade Nova São Miguel
74,Cidade Patriarca
75,Cidade Popular
81,Cidade Satelite
80,Cidade Satelite Santa Barbara
77,Cidade São Francisco
78,Cidade São Mateus
79,Cidade São Miguel
83,Cidade Tiradentes
87,Cidade Vargas
44,Cidade dos Bandeirantes
66,Cipo do Meio
42,City America
45,Clube Campestre de São Paulo
49,Clube de Campo Kibom
55,Clube dos Funcionarios Publicos C
200,Colonia
150,Conjunto Habitacional Aguia de Ha
155,Conjunto Habitacional Barreira Gr
152,Conjunto Habitacional Barro Branc
151,Conjunto Habitacional Barro Branc
154,Conjunto Habitacional Brigadeiro
153,Conjunto Habitacional Brigadeiro
156,Conjunto Habitacional Castro Alve
158,Conjunto Habitacional Inacio Mont
157,Conjunto Habitacional Instituto A
162,Conjunto Habitacional Jardim Sant
163,Conjunto Habitacional Jardim São
161,Conjunto Habitacional Jardim São
160,Conjunto Habitacional Jova Rural
159,Conjunto Habitacional Juscelino K
164,Conjunto Habitacional Marechal Ma
165,Conjunto Habitacional Padre Jose
167,Conjunto Habitacional Padre Manoe
166,Conjunto Habitacional Padre Manoe
168,Conjunto Habitacional Pirajussara
169,Conjunto Habitacional Recanto dos
170,Conjunto Habitacional Santa Etelv
172,Conjunto Habitacional Santa Etelv
171,Conjunto Habitacional Santa Etelv
173,Conjunto Habitacional Sítio Carag
174,Conjunto Habitacional Sítio Conce
175,Conjunto Habitacional Teotonio Vi
176,Conjunto Habitacional Vila Nova C
149,Conjunto Habitacional a e Carvalh
177,Conjunto Promorar Estrada da Para
179,Conjunto Promorar Raposo Tavares
178,Conjunto Promorar Rio Claro
181,Conjunto Promorar Sapopemba
180,Conjunto Promorar São Luis
182,Conjunto Promorar Vila Maria III
183,Conjunto Residencial Alpes do Jar
184,Conjunto Residencial Bandeirantes
185,Conjunto Residencial Butanta
186,Conjunto Residencial Elisio Teixe
187,Conjunto Residencial Ingai
189,Conjunto Residencial Jardim Canaa
188,Conjunto Residencial Jose Bonifac
190,Conjunto Residencial Morumbi
191,Conjunto Residencial Novo Pacaemb
193,Conjunto Residencial Paraiso
194,Conjunto Residencial Pinheirinho
192,Conjunto Residencial Prestes Maia
197,Conjunto Residencial Salvador Tol
195,Conjunto Residencial Santa Maria
196,Conjunto Residencial Santa Terezi
198,Conjunto Residencial Sítio Orator
199,Conjunto Residencial Vista Verde
148,Conjunto dos Bancarios
201,Consolacao
202,Copacabana
206,Cupece
207,Cursino
2003,Código não encontrado nos dicionários oficiais.
2020,Código não encontrado nos dicionários oficiais.
2135,Código não encontrado nos dicionários oficiais.
3360,Código não encontrado nos dicionários oficiais.
3590,Código não encontrado nos dicionários oficiais.
3620,Código não encontrado nos dicionários oficiais.
3808,Código não encontrado nos dicionários oficiais.
5207,Código não encontrado nos dicionários oficiais.
5290,Código não encontrado nos dicionários oficiais.
5614,Código não encontrado nos dicionários oficiais.
6050,Código não encontrado nos dicionários oficiais.
6130,Código não encontrado nos dicionários oficiais.
6718,Código não encontrado nos dicionários oficiais.
6882,Código não encontrado nos dicionários oficiais.
7277,Código não encontrado nos dicionários oficiais.
7404,Código não encontrado nos dicionários oficiais.
8583,Código não encontrado nos dicionários oficiais.
9091,Código não encontrado nos dicionários oficiais.
9792,Código não encontrado nos dicionários oficiais.
9822,Código não encontrado nos dicionários oficiais.
10243,Código não encontrado nos dicionários oficiais.
11169,Código não encontrado nos dicionários oficiais.
11762,Código não encontrado nos dicionários oficiais.
11878,Código não encontrado nos dicionários oficiais.
11967,Código não encontrado nos dicionários oficiais.
12238,Código não encontrado nos dicionários oficiais.
13536,Código não encontrado nos dicionários oficiais.
14745,Código não encontrado nos dicionários oficiais.
15393,Código não encontrado nos dicionários oficiais.
2518,Código não encontrado nos dicionários oficiais.
2887,Código não encontrado nos dicionários oficiais.
3689,Código não encontrado nos dicionários oficiais.
4022,Código não encontrado nos dicionários oficiais.
4235,Código não encontrado nos dicionários oficiais.
4600,Código não encontrado nos dicionários oficiais.
4987,Código não encontrado nos dicionários oficiais.
5932,Código não encontrado nos dicionários oficiais.
6025,Código não encontrado nos dicionários oficiais.
6343,Código não encontrado nos dicionários oficiais.
6815,Código não encontrado nos dicionários oficiais.
6874,Código não encontrado nos dicionários oficiais.
7110,Código não encontrado nos dicionários oficiais.
7196,Código não encontrado nos dicionários oficiais.
7692,Código não encontrado nos dicionários oficiais.
7773,Código não encontrado nos dicionários oficiais.
7935,Código não encontrado nos dicionários oficiais.
8370,Código não encontrado nos dicionários oficiais.
8680,Código não encontrado nos dicionários oficiais.
9385,Código não encontrado nos dicionários oficiais.
9806,Código não encontrado nos dicionários oficiais.
10863,Código não encontrado nos dicionários oficiais.
10910,Código não encontrado nos dicionários oficiais.
10979,Código não encontrado nos dicionários oficiais.
11592,Código não encontrado nos dicionários oficiais.
12106,Código não encontrado nos dicionários oficiais.
12530,Código não encontrado nos dicionários oficiais.
12556,Código não encontrado nos dicionários oficiais.
13471,Código não encontrado nos dicionários oficiais.
13919,Código não encontrado nos dicionários oficiais.
14907,Código não encontrado nos dicionários oficiais.
14958,Código não encontrado nos dicionários oficiais.
15741,Código não encontrado nos dicionários oficiais.
1899,Código não encontrado nos dicionários oficiais.
2011,Código não encontrado nos dicionários oficiais.
2437,Código não encontrado nos dicionários oficiais.
2488,Código não encontrado nos dicionários oficiais.
2704,Código não encontrado nos dicionários oficiais.
4561,Código não encontrado nos dicionários oficiais.
6033,Código não encontrado nos dicionários oficiais.
7153,Código não encontrado nos dicionários oficiais.
7552,Código não encontrado nos dicionários oficiais.
7560,Código não encontrado nos dicionários oficiais.
7862,Código não encontrado nos dicionários oficiais.
8354,Código não encontrado nos dicionários oficiais.
8818,Código não encontrado nos dicionários oficiais.
9083,Código não encontrado nos dicionários oficiais.
9857,Código não encontrado nos dicionários oficiais.
10502,Código não encontrado nos dicionários oficiais.
11002,Código não encontrado nos dicionários oficiais.
11436,Código não encontrado nos dicionários oficiais.
11770,Código não encontrado nos dicionários oficiais.
12491,Código não encontrado nos dicionários oficiais.
13137,Código não encontrado nos dicionários oficiais.
13226,Código não encontrado nos dicionários oficiais.
13838,Código não encontrado nos dicionários oficiais.
14095,Código não encontrado nos dicionários oficiais.
14460,Código não encontrado nos dicionários oficiais.
14796,Código não encontrado nos dicionários oficiais.
15334,Código não encontrado nos dicionários oficiais.
15997,Código não encontrado nos dicionários oficiais.
16667,Código não encontrado nos dicionários oficiais.
18457,Código não encontrado nos dicionários oficiais.
18619,Código não encontrado nos dicionários oficiais.
2070,Código não encontrado nos dicionários oficiais.
2712,Código não encontrado nos dicionários oficiais.
2925,Código não encontrado nos dicionários oficiais.
3336,Código não encontrado nos dicionários oficiais.
5096,Código não encontrado nos dicionários oficiais.
5339,Código não encontrado nos dicionários oficiais.
5827,Código não encontrado nos dicionários oficiais.
6467,Código não encontrado nos dicionários oficiais.
7986,Código não encontrado nos dicionários oficiais.
8443,Código não encontrado nos dicionários oficiais.
8974,Código não encontrado nos dicionários oficiais.
8990,Código não encontrado nos dicionários oficiais.
9016,Código não encontrado nos dicionários oficiais.
10677,Código não encontrado nos dicionários oficiais.
10871,Código não encontrado nos dicionários oficiais.
11231,Código não encontrado nos dicionários oficiais.
11460,Código não encontrado nos dicionários oficiais.
11690,Código não encontrado nos dicionários oficiais.
12009,Código não encontrado nos dicionários oficiais.
12335,Código não encontrado nos dicionários oficiais.
12408,Código não encontrado nos dicionários oficiais.
13005,Código não encontrado nos dicionários oficiais.
13080,Código não encontrado nos dicionários oficiais.
13153,Código não encontrado nos dicionários oficiais.
14060,Código não encontrado nos dicionários oficiais.
14150,Código não encontrado nos dicionários oficiais.
14940,Código não encontrado nos dicionários oficiais.
15121,Código não encontrado nos dicionários oficiais.
15482,Código não encontrado nos dicionários oficiais.
15857,Código não encontrado nos dicionários oficiais.
18511,Código não encontrado nos dicionários oficiais.
18902,Código não encontrado nos dicionários oficiais.
2119,Código não encontrado nos dicionários oficiais.
2585,Código não encontrado nos dicionários oficiais.
4375,Código não encontrado nos dicionários oficiais.
4979,Código não encontrado nos dicionários oficiais.
5118,Código não encontrado nos dicionários oficiais.
5991,Código não encontrado nos dicionários oficiais.
6670,Código não encontrado nos dicionários oficiais.
7013,Código não encontrado nos dicionários oficiais.
7455,Código não encontrado nos dicionários oficiais.
7730,Código não encontrado nos dicionários oficiais.
7870,Código não encontrado nos dicionários oficiais.
8397,Código não encontrado nos dicionários oficiais.
8850,Código não encontrado nos dicionários oficiais.
8885,Código não encontrado nos dicionários oficiais.
9288,Código não encontrado nos dicionários oficiais.
9431,Código não encontrado nos dicionários oficiais.
10219,Código não encontrado nos dicionários oficiais.
10286,Código não encontrado nos dicionários oficiais.
10537,Código não encontrado nos dicionários oficiais.
11266,Código não encontrado nos dicionários oficiais.
11576,Código não encontrado nos dicionários oficiais.
11649,Código não encontrado nos dicionários oficiais.
11789,Código não encontrado nos dicionários oficiais.
11860,Código não encontrado nos dicionários oficiais.
13315,Código não encontrado nos dicionários oficiais.
13331,Código não encontrado nos dicionários oficiais.
15199,Código não encontrado nos dicionários oficiais.
15644,Código não encontrado nos dicionários oficiais.
15750,Código não encontrado nos dicionários oficiais.
18970,Código não encontrado nos dicionários oficiais.
2232,Código não encontrado nos dicionários oficiais.
3450,Código não encontrado nos dicionários oficiais.
3964,Código não encontrado nos dicionários oficiais.
4464,Código não encontrado nos dicionários oficiais.
4804,Código não encontrado nos dicionários oficiais.
5320,Código não encontrado nos dicionários oficiais.
6173,Código não encontrado nos dicionários oficiais.
6858,Código não encontrado nos dicionários oficiais.
7030,Código não encontrado nos dicionários oficiais.
7188,Código não encontrado nos dicionários oficiais.
7323,Código não encontrado nos dicionários oficiais.
7471,Código não encontrado nos dicionários oficiais.
8303,Código não encontrado nos dicionários oficiais.
8427,Código não encontrado nos dicionários oficiais.
8907,Código não encontrado nos dicionários oficiais.
9660,Código não encontrado nos dicionários oficiais.
9741,Código não encontrado nos dicionários oficiais.
12033,Código não encontrado nos dicionários oficiais.
12190,Código não encontrado nos dicionários oficiais.
12564,Código não encontrado nos dicionários oficiais.
12700,Código não encontrado nos dicionários oficiais.
12793,Código não encontrado nos dicionários oficiais.
12912,Código não encontrado nos dicionários oficiais.
14184,Código não encontrado nos dicionários oficiais.
14206,Código não encontrado nos dicionários oficiais.
14630,Código não encontrado nos dicionários oficiais.
14923,Código não encontrado nos dicionários oficiais.
15733,Código não encontrado nos dicionários oficiais.
16586,Código não encontrado nos dicionários oficiais.
17353,Código não encontrado nos dicionários oficiais.
17469,Código não encontrado nos dicionários oficiais.
3093,Código não encontrado nos dicionários oficiais.
3573,Código não encontrado nos dicionários oficiais.
3778,Código não encontrado nos dicionários oficiais.
4405,Código não encontrado nos dicionários oficiais.
5703,Código não encontrado nos dicionários oficiais.
5754,Código não encontrado nos dicionários oficiais.
5967,Código não encontrado nos dicionários oficiais.
6203,Código não encontrado nos dicionários oficiais.
6220,Código não encontrado nos dicionários oficiais.
6432,Código não encontrado nos dicionários oficiais.
7749,Código não encontrado nos dicionários oficiais.
9768,Código não encontrado nos dicionários oficiais.
9903,Código não encontrado nos dicionários oficiais.
12254,Código não encontrado nos dicionários oficiais.
12815,Código não encontrado nos dicionários oficiais.
12947,Código não encontrado nos dicionários oficiais.
13196,Código não encontrado nos dicionários oficiais.
13846,Código não encontrado nos dicionários oficiais.
14516,Código não encontrado nos dicionários oficiais.
15423,Código não encontrado nos dicionários oficiais.
16004,Código não encontrado nos dicionários oficiais.
18287,Código não encontrado nos dicionários oficiais.
2801,Código não encontrado nos dicionários oficiais.
2917,Código não encontrado nos dicionários oficiais.
3034,Código não encontrado nos dicionários oficiais.
4197,Código não encontrado nos dicionários oficiais.
4715,Código não encontrado nos dicionários oficiais.
4863,Código não encontrado nos dicionários oficiais.
5134,Código não encontrado nos dicionários oficiais.
5720,Código não encontrado nos dicionários oficiais.
5975,Código não encontrado nos dicionários oficiais.
5983,Código não encontrado nos dicionários oficiais.
7358,Código não encontrado nos dicionários oficiais.
7820,Código não encontrado nos dicionários oficiais.
7900,Código não encontrado nos dicionários oficiais.
8486,Código não encontrado nos dicionários oficiais.
9040,Código não encontrado nos dicionários oficiais.
9555,Código não encontrado nos dicionários oficiais.
10766,Código não encontrado nos dicionários oficiais.
10804,Código não encontrado nos dicionários oficiais.
13528,Código não encontrado nos dicionários oficiais.
14893,Código não encontrado nos dicionários oficiais.
15202,Código não encontrado nos dicionários oficiais.
15458,Código não encontrado nos dicionários oficiais.
15814,Código não encontrado nos dicionários oficiais.
16594,Código não encontrado nos dicionários oficiais.
18422,Código não encontrado nos dicionários oficiais.
18520,Código não encontrado nos dicionários oficiais.
2100,Código não encontrado nos dicionários oficiais.
3654,Código não encontrado nos dicionários oficiais.
4626,Código não encontrado nos dicionários oficiais.
4995,Código não encontrado nos dicionários oficiais.
5355,Código não encontrado nos dicionários oficiais.
5843,Código não encontrado nos dicionários oficiais.
6092,Código não encontrado nos dicionários oficiais.
6939,Código não encontrado nos dicionários oficiais.
7072,Código não encontrado nos dicionários oficiais.
7722,Código não encontrado nos dicionários oficiais.
7919,Código não encontrado nos dicionários oficiais.
8028,Código não encontrado nos dicionários oficiais.
8729,Código não encontrado nos dicionários oficiais.
9024,Código não encontrado nos dicionários oficiais.
9296,Código não encontrado nos dicionários oficiais.
9539,Código não encontrado nos dicionários oficiais.
10073,Código não encontrado nos dicionários oficiais.
10782,Código não encontrado nos dicionários oficiais.
10936,Código não encontrado nos dicionários oficiais.
11509,Código não encontrado nos dicionários oficiais.
11711,Código não encontrado nos dicionários oficiais.
11940,Código não encontrado nos dicionários oficiais.
11975,Código não encontrado nos dicionários oficiais.
12157,Código não encontrado nos dicionários oficiais.
12882,Código não encontrado nos dicionários oficiais.
13510,Código não encontrado nos dicionários oficiais.
13714,Código não encontrado nos dicionários oficiais.
14117,Código não encontrado nos dicionários oficiais.
15598,Código não encontrado nos dicionários oficiais.
16098,Código não encontrado nos dicionários oficiais.
2305,Código não encontrado nos dicionários oficiais.
2445,Código não encontrado nos dicionários oficiais.
3727,Código não encontrado nos dicionários oficiais.
3816,Código não encontrado nos dicionários oficiais.
4006,Código não encontrado nos dicionários oficiais.
4103,Código não encontrado nos dicionários oficiais.
4383,Código não encontrado nos dicionários oficiais.
5738,Código não encontrado nos dicionários oficiais.
6394,Código não encontrado nos dicionários oficiais.
7838,Código não encontrado nos dicionários oficiais.
8141,Código não encontrado nos dicionários oficiais.
8559,Código não encontrado nos dicionários oficiais.
9504,Código não encontrado nos dicionários oficiais.
9911,Código não encontrado nos dicionários oficiais.
10790,Código não encontrado nos dicionários oficiais.
10839,Código não encontrado nos dicionários oficiais.
11088,Código não encontrado nos dicionários oficiais.
12041,Código não encontrado nos dicionários oficiais.
12394,Código não encontrado nos dicionários oficiais.
12521,Código não encontrado nos dicionários oficiais.
13013,Código não encontrado nos dicionários oficiais.
13579,Código não encontrado nos dicionários oficiais.
13730,Código não encontrado nos dicionários oficiais.
13994,Código não encontrado nos dicionários oficiais.
14621,Código não encontrado nos dicionários oficiais.
15156,Código não encontrado nos dicionários oficiais.
15822,Código não encontrado nos dicionários oficiais.
16217,Código não encontrado nos dicionários oficiais.
16934,Código não encontrado nos dicionários oficiais.
17191,Código não encontrado nos dicionários oficiais.
17361,Código não encontrado nos dicionários oficiais.
3646,Código não encontrado nos dicionários oficiais.
3751,Código não encontrado nos dicionários oficiais.
4090,Código não encontrado nos dicionários oficiais.
4340,Código não encontrado nos dicionários oficiais.
4740,Código não encontrado nos dicionários oficiais.
6289,Código não encontrado nos dicionários oficiais.
8184,Código não encontrado nos dicionários oficiais.
8478,Código não encontrado nos dicionários oficiais.
8931,Código não encontrado nos dicionários oficiais.
9334,Código não encontrado nos dicionários oficiais.
11177,Código não encontrado nos dicionários oficiais.
11630,Código não encontrado nos dicionários oficiais.
12327,Código não encontrado nos dicionários oficiais.
12416,Código não encontrado nos dicionários oficiais.
12742,Código não encontrado nos dicionários oficiais.
14257,Código não encontrado nos dicionários oficiais.
14397,Código não encontrado nos dicionários oficiais.
14761,Código não encontrado nos dicionários oficiais.
14834,Código não encontrado nos dicionários oficiais.
15105,Código não encontrado nos dicionários oficiais.
15911,Código não encontrado nos dicionários oficiais.
15938,Código não encontrado nos dicionários oficiais.
15946,Código não encontrado nos dicionários oficiais.
15954,Código não encontrado nos dicionários oficiais.
16624,Código não encontrado nos dicionários oficiais.
16870,Código não encontrado nos dicionários oficiais.
18228,Código não encontrado nos dicionários oficiais.
2410,Código não encontrado nos dicionários oficiais.
4499,Código não encontrado nos dicionários oficiais.
4782,Código não encontrado nos dicionários oficiais.
4928,Código não encontrado nos dicionários oficiais.
5347,Código não encontrado nos dicionários oficiais.
5444,Código não encontrado nos dicionários oficiais.
5592,Código não encontrado nos dicionários oficiais.
6246,Código não encontrado nos dicionários oficiais.
7285,Código não encontrado nos dicionários oficiais.
7897,Código não encontrado nos dicionários oficiais.
8079,Código não encontrado nos dicionários oficiais.
9210,Código não encontrado nos dicionários oficiais.
9563,Código não encontrado nos dicionários oficiais.
9776,Código não encontrado nos dicionários oficiais.
10316,Código não encontrado nos dicionários oficiais.
10332,Código não encontrado nos dicionários oficiais.
10723,Código não encontrado nos dicionários oficiais.
11428,Código não encontrado nos dicionários oficiais.
11924,Código não encontrado nos dicionários oficiais.
11959,Código não encontrado nos dicionários oficiais.
12300,Código não encontrado nos dicionários oficiais.
12432,Código não encontrado nos dicionários oficiais.
12513,Código não encontrado nos dicionários oficiais.
15547,Código não encontrado nos dicionários oficiais.
15890,Código não encontrado nos dicionários oficiais.
16195,Código não encontrado nos dicionários oficiais.
16837,Código não encontrado nos dicionários oficiais.
18503,Código não encontrado nos dicionários oficiais.
2283,Código não encontrado nos dicionários oficiais.
2798,Código não encontrado nos dicionários oficiais.
2992,Código não encontrado nos dicionários oficiais.
3107,Código não encontrado nos dicionários oficiais.
3212,Código não encontrado nos dicionários oficiais.
3301,Código não encontrado nos dicionários oficiais.
3352,Código não encontrado nos dicionários oficiais.
3581,Código não encontrado nos dicionários oficiais.
5398,Código não encontrado nos dicionários oficiais.
7510,Código não encontrado nos dicionários oficiais.
8214,Código não encontrado nos dicionários oficiais.
9059,Código não encontrado nos dicionários oficiais.
10405,Código não encontrado nos dicionários oficiais.
11355,Código não encontrado nos dicionários oficiais.
12084,Código não encontrado nos dicionários oficiais.
12246,Código não encontrado nos dicionários oficiais.
13390,Código não encontrado nos dicionários oficiais.
13765,Código não encontrado nos dicionários oficiais.
15865,Código não encontrado nos dicionários oficiais.
16403,Código não encontrado nos dicionários oficiais.
16420,Código não encontrado nos dicionários oficiais.
17116,Código não encontrado nos dicionários oficiais.
2216,Código não encontrado nos dicionários oficiais.
2542,Código não encontrado nos dicionários oficiais.
2739,Código não encontrado nos dicionários oficiais.
3328,Código não encontrado nos dicionários oficiais.
4243,Código não encontrado nos dicionários oficiais.
5916,Código não encontrado nos dicionários oficiais.
6890,Código não encontrado nos dicionários oficiais.
7544,Código não encontrado nos dicionários oficiais.
7633,Código não encontrado nos dicionários oficiais.
7765,Código não encontrado nos dicionários oficiais.
8176,Código não encontrado nos dicionários oficiais.
8664,Código não encontrado nos dicionários oficiais.
9075,Código não encontrado nos dicionários oficiais.
9342,Código não encontrado nos dicionários oficiais.
9490,Código não encontrado nos dicionários oficiais.
9512,Código não encontrado nos dicionários oficiais.
9830,Código não encontrado nos dicionários oficiais.
10189,Código não encontrado nos dicionários oficiais.
10430,Código não encontrado nos dicionários oficiais.
11037,Código não encontrado nos dicionários oficiais.
11045,Código não encontrado nos dicionários oficiais.
11550,Código não encontrado nos dicionários oficiais.
12483,Código não encontrado nos dicionários oficiais.
13145,Código não encontrado nos dicionários oficiais.
13420,Código não encontrado nos dicionários oficiais.
13684,Código não encontrado nos dicionários oficiais.
13749,Código não encontrado nos dicionários oficiais.
14087,Código não encontrado nos dicionários oficiais.
14583,Código não encontrado nos dicionários oficiais.
15563,Código não encontrado nos dicionários oficiais.
15571,Código não encontrado nos dicionários oficiais.
15652,Código não encontrado nos dicionários oficiais.
16055,Código não encontrado nos dicionários oficiais.
16659,Código não encontrado nos dicionários oficiais.
17337,Código não encontrado nos dicionários oficiais.
17558,Código não encontrado nos dicionários oficiais.
2267,Código não encontrado nos dicionários oficiais.
3050,Código não encontrado nos dicionários oficiais.
3158,Código não encontrado nos dicionários oficiais.
3298,Código não encontrado nos dicionários oficiais.
3891,Código não encontrado nos dicionários oficiais.
4065,Código não encontrado nos dicionários oficiais.
4359,Código não encontrado nos dicionários oficiais.
4430,Código não encontrado nos dicionários oficiais.
4685,Código não encontrado nos dicionários oficiais.
4880,Código não encontrado nos dicionários oficiais.
5274,Código não encontrado nos dicionários oficiais.
5860,Código não encontrado nos dicionários oficiais.
6378,Código não encontrado nos dicionários oficiais.
6475,Código não encontrado nos dicionários oficiais.
7145,Código não encontrado nos dicionários oficiais.
7412,Código não encontrado nos dicionários oficiais.
8532,Código não encontrado nos dicionários oficiais.
8761,Código não encontrado nos dicionários oficiais.
9326,Código não encontrado nos dicionários oficiais.
9423,Código não encontrado nos dicionários oficiais.
9466,Código não encontrado nos dicionários oficiais.
9520,Código não encontrado nos dicionários oficiais.
9652,Código não encontrado nos dicionários oficiais.
10324,Código não encontrado nos dicionários oficiais.
11134,Código não encontrado nos dicionários oficiais.
11258,Código não encontrado nos dicionários oficiais.
11533,Código não encontrado nos dicionários oficiais.
11614,Código não encontrado nos dicionários oficiais.
12351,Código não encontrado nos dicionários oficiais.
13129,Código não encontrado nos dicionários oficiais.
13668,Código não encontrado nos dicionários oficiais.
14486,Código não encontrado nos dicionários oficiais.
15040,Código não encontrado nos dicionários oficiais.
15148,Código não encontrado nos dicionários oficiais.
15849,Código não encontrado nos dicionários oficiais.
16268,Código não encontrado nos dicionários oficiais.
16497,Código não encontrado nos dicionários oficiais.
16632,Código não encontrado nos dicionários oficiais.
18368,Código não encontrado nos dicionários oficiais.
2607,Código não encontrado nos dicionários oficiais.
4049,Código não encontrado nos dicionários oficiais.
4308,Código não encontrado nos dicionários oficiais.
4537,Código não encontrado nos dicionários oficiais.
5231,Código não encontrado nos dicionários oficiais.
5460,Código não encontrado nos dicionários oficiais.
6114,Código não encontrado nos dicionários oficiais.
6840,Código não encontrado nos dicionários oficiais.
7714,Código não encontrado nos dicionários oficiais.
8311,Código não encontrado nos dicionários oficiais.
9229,Código não encontrado nos dicionários oficiais.
9415,Código não encontrado nos dicionários oficiais.
10227,Código não encontrado nos dicionários oficiais.
10774,Código não encontrado nos dicionários oficiais.
10820,Código não encontrado nos dicionários oficiais.
10944,Código não encontrado nos dicionários oficiais.
12718,Código não encontrado nos dicionários oficiais.
13439,Código não encontrado nos dicionários oficiais.
14036,Código não encontrado nos dicionários oficiais.
14362,Código não encontrado nos dicionários oficiais.
14524,Código não encontrado nos dicionários oficiais.
15261,Código não encontrado nos dicionários oficiais.
15318,Código não encontrado nos dicionários oficiais.
15440,Código não encontrado nos dicionários oficiais.
16900,Código não encontrado nos dicionários oficiais.
17094,Código não encontrado nos dicionários oficiais.
17159,Código não encontrado nos dicionários oficiais.
17540,Código não encontrado nos dicionários oficiais.
2046,Código não encontrado nos dicionários oficiais.
2259,Código não encontrado nos dicionários oficiais.
2577,Código não encontrado nos dicionários oficiais.
3905,Código não encontrado nos dicionários oficiais.
4251,Código não encontrado nos dicionários oficiais.
4693,Código não encontrado nos dicionários oficiais.
4820,Código não encontrado nos dicionários oficiais.
7676,Código não encontrado nos dicionários oficiais.
8923,Código não encontrado nos dicionários oficiais.
9121,Código não encontrado nos dicionários oficiais.
9725,Código não encontrado nos dicionários oficiais.
10154,Código não encontrado nos dicionários oficiais.
10928,Código não encontrado nos dicionários oficiais.
11207,Código não encontrado nos dicionários oficiais.
11517,Código não encontrado nos dicionários oficiais.
12777,Código não encontrado nos dicionários oficiais.
12785,Código não encontrado nos dicionários oficiais.
12807,Código não encontrado nos dicionários oficiais.
12823,Código não encontrado nos dicionários oficiais.
13218,Código não encontrado nos dicionários oficiais.
13323,Código não encontrado nos dicionários oficiais.
13862,Código não encontrado nos dicionários oficiais.
14427,Código não encontrado nos dicionários oficiais.
14737,Código não encontrado nos dicionários oficiais.
15628,Código não encontrado nos dicionários oficiais.
16071,Código não encontrado nos dicionários oficiais.
16527,Código não encontrado nos dicionários oficiais.
16560,Código não encontrado nos dicionários oficiais.
16748,Código não encontrado nos dicionários oficiais.
18880,Código não encontrado nos dicionários oficiais.
2828,Código não encontrado nos dicionários oficiais.
2844,Código não encontrado nos dicionários oficiais.
2895,Código não encontrado nos dicionários oficiais.
4510,Código não encontrado nos dicionários oficiais.
4774,Código não encontrado nos dicionários oficiais.
4901,Código não encontrado nos dicionários oficiais.
5100,Código não encontrado nos dicionários oficiais.
5550,Código não encontrado nos dicionários oficiais.
5690,Código não encontrado nos dicionários oficiais.
9393,Código não encontrado nos dicionários oficiais.
10057,Código não encontrado nos dicionários oficiais.
11142,Código não encontrado nos dicionários oficiais.
12149,Código não encontrado nos dicionários oficiais.
12297,Código não encontrado nos dicionários oficiais.
12467,Código não encontrado nos dicionários oficiais.
12475,Código não encontrado nos dicionários oficiais.
13447,Código não encontrado nos dicionários oficiais.
13544,Código não encontrado nos dicionários oficiais.
13609,Código não encontrado nos dicionários oficiais.
13854,Código não encontrado nos dicionários oficiais.
14311,Código não encontrado nos dicionários oficiais.
14478,Código não encontrado nos dicionários oficiais.
15229,Código não encontrado nos dicionários oficiais.
15431,Código não encontrado nos dicionários oficiais.
16047,Código não encontrado nos dicionários oficiais.
16101,Código não encontrado nos dicionários oficiais.
16152,Código não encontrado nos dicionários oficiais.
16314,Código não encontrado nos dicionários oficiais.
17205,Código não encontrado nos dicionários oficiais.
17531,Código não encontrado nos dicionários oficiais.
2356,Código não encontrado nos dicionários oficiais.
2771,Código não encontrado nos dicionários oficiais.
3042,Código não encontrado nos dicionários oficiais.
3247,Código não encontrado nos dicionários oficiais.
5509,Código não encontrado nos dicionários oficiais.
5959,Código não encontrado nos dicionários oficiais.
7218,Código não encontrado nos dicionários oficiais.
7366,Código não encontrado nos dicionários oficiais.
7501,Código não encontrado nos dicionários oficiais.
7579,Código não encontrado nos dicionários oficiais.
8036,Código não encontrado nos dicionários oficiais.
8265,Código não encontrado nos dicionários oficiais.
8516,Código não encontrado nos dicionários oficiais.
9067,Código não encontrado nos dicionários oficiais.
9610,Código não encontrado nos dicionários oficiais.
9814,Código não encontrado nos dicionários oficiais.
9849,Código não encontrado nos dicionários oficiais.
9938,Código não encontrado nos dicionários oficiais.
10090,Código não encontrado nos dicionários oficiais.
10650,Código não encontrado nos dicionários oficiais.
11096,Código não encontrado nos dicionários oficiais.
11126,Código não encontrado nos dicionários oficiais.
11983,Código não encontrado nos dicionários oficiais.
12858,Código não encontrado nos dicionários oficiais.
13650,Código não encontrado nos dicionários oficiais.
14109,Código não encontrado nos dicionários oficiais.
14818,Código não encontrado nos dicionários oficiais.
15210,Código não encontrado nos dicionários oficiais.
15776,Código não encontrado nos dicionários oficiais.
16446,Código não encontrado nos dicionários oficiais.
16578,Código não encontrado nos dicionários oficiais.
17108,Código não encontrado nos dicionários oficiais.
17450,Código não encontrado nos dicionários oficiais.
18961,Código não encontrado nos dicionários oficiais.
999997,Código não encontrado nos dicionários oficiais.
2313,Código não encontrado nos dicionários oficiais.
2534,Código não encontrado nos dicionários oficiais.
3883,Código não encontrado nos dicionários oficiais.
4456,Código não encontrado nos dicionários oficiais.
4758,Código não encontrado nos dicionários oficiais.
4936,Código não encontrado nos dicionários oficiais.
4960,Código não encontrado nos dicionários oficiais.
5606,Código não encontrado nos dicionários oficiais.
7439,Código não encontrado nos dicionários oficiais.
7927,Código não encontrado nos dicionários oficiais.
8346,Código não encontrado nos dicionários oficiais.
8451,Código não encontrado nos dicionários oficiais.
8613,Código não encontrado nos dicionários oficiais.
8788,Código não encontrado nos dicionários oficiais.
9253,Código não encontrado nos dicionários oficiais.
9440,Código não encontrado nos dicionários oficiais.
9750,Código não encontrado nos dicionários oficiais.
10669,Código não encontrado nos dicionários oficiais.
10987,Código não encontrado nos dicionários oficiais.
11304,Código não encontrado nos dicionários oficiais.
13234,Código não encontrado nos dicionários oficiais.
13374,Código não encontrado nos dicionários oficiais.
13382,Código não encontrado nos dicionários oficiais.
14230,Código não encontrado nos dicionários oficiais.
14591,Código não encontrado nos dicionários oficiais.
14605,Código não encontrado nos dicionários oficiais.
15300,Código não encontrado nos dicionários oficiais.
15784,Código não encontrado nos dicionários oficiais.
16144,Código não encontrado nos dicionários oficiais.
16357,Código não encontrado nos dicionários oficiais.
16500,Código não encontrado nos dicionários oficiais.
18244,Código não encontrado nos dicionários oficiais.
2879,Código não encontrado nos dicionários oficiais.
4596,Código não encontrado nos dicionários oficiais.
4707,Código não encontrado nos dicionários oficiais.
5177,Código não encontrado nos dicionários oficiais.
6599,Código não encontrado nos dicionários oficiais.
7170,Código não encontrado nos dicionários oficiais.
7250,Código não encontrado nos dicionários oficiais.
7293,Código não encontrado nos dicionários oficiais.
7382,Código não encontrado nos dicionários oficiais.
7595,Código não encontrado nos dicionários oficiais.
7650,Código não encontrado nos dicionários oficiais.
7668,Código não encontrado nos dicionários oficiais.
8206,Código não encontrado nos dicionários oficiais.
10146,Código não encontrado nos dicionários oficiais.
11282,Código não encontrado nos dicionários oficiais.
11290,Código não encontrado nos dicionários oficiais.
11738,Código não encontrado nos dicionários oficiais.
11827,Código não encontrado nos dicionários oficiais.
12661,Código não encontrado nos dicionários oficiais.
12734,Código não encontrado nos dicionários oficiais.
13072,Código não encontrado nos dicionários oficiais.
13188,Código não encontrado nos dicionários oficiais.
13285,Código não encontrado nos dicionários oficiais.
14125,Código não encontrado nos dicionários oficiais.
14303,Código não encontrado nos dicionários oficiais.
14567,Código não encontrado nos dicionários oficiais.
15253,Código não encontrado nos dicionários oficiais.
16462,Código não encontrado nos dicionários oficiais.
16608,Código não encontrado nos dicionários oficiais.
16616,Código não encontrado nos dicionários oficiais.
17280,Código não encontrado nos dicionários oficiais.
18678,Código não encontrado nos dicionários oficiais.
18821,Código não encontrado nos dicionários oficiais.
2690,Código não encontrado nos dicionários oficiais.
3131,Código não encontrado nos dicionários oficiais.
4324,Código não encontrado nos dicionários oficiais.
5150,Código não encontrado nos dicionários oficiais.
5193,Código não encontrado nos dicionários oficiais.
5479,Código não encontrado nos dicionários oficiais.
6980,Código não encontrado nos dicionários oficiais.
7978,Código não encontrado nos dicionários oficiais.
9474,Código não encontrado nos dicionários oficiais.
10030,Código não encontrado nos dicionários oficiais.
10260,Código não encontrado nos dicionários oficiais.
10588,Código não encontrado nos dicionários oficiais.
11053,Código não encontrado nos dicionários oficiais.
11819,Código não encontrado nos dicionários oficiais.
11916,Código não encontrado nos dicionários oficiais.
12866,Código não encontrado nos dicionários oficiais.
16705,Código não encontrado nos dicionários oficiais.
16713,Código não encontrado nos dicionários oficiais.
17817,Código não encontrado nos dicionários oficiais.
2178,Código não encontrado nos dicionários oficiais.
3166,Código não encontrado nos dicionários oficiais.
3840,Código não encontrado nos dicionários oficiais.
4898,Código não encontrado nos dicionários oficiais.
5657,Código não encontrado nos dicionários oficiais.
7331,Código não encontrado nos dicionários oficiais.
8052,Código não encontrado nos dicionários oficiais.
8869,Código não encontrado nos dicionários oficiais.
9261,Código não encontrado nos dicionários oficiais.
9598,Código não encontrado nos dicionários oficiais.
9997,Código não encontrado nos dicionários oficiais.
10006,Código não encontrado nos dicionários oficiais.
10367,Código não encontrado nos dicionários oficiais.
10740,Código não encontrado nos dicionários oficiais.
10960,Código não encontrado nos dicionários oficiais.
11223,Código não encontrado nos dicionários oficiais.
11657,Código não encontrado nos dicionários oficiais.
11908,Código não encontrado nos dicionários oficiais.
12840,Código não encontrado nos dicionários oficiais.
12971,Código não encontrado nos dicionários oficiais.
13269,Código não encontrado nos dicionários oficiais.
13366,Código não encontrado nos dicionários oficiais.
13951,Código não encontrado nos dicionários oficiais.
14877,Código não encontrado nos dicionários oficiais.
15075,Código não encontrado nos dicionários oficiais.
15245,Código não encontrado nos dicionários oficiais.
15385,Código não encontrado nos dicionários oficiais.
16080,Código não encontrado nos dicionários oficiais.
16187,Código não encontrado nos dicionários oficiais.
16225,Código não encontrado nos dicionários oficiais.
16799,Código não encontrado nos dicionários oficiais.
18597,Código não encontrado nos dicionários oficiais.
1880,Código não encontrado nos dicionários oficiais.
2321,Código não encontrado nos dicionários oficiais.
2941,Código não encontrado nos dicionários oficiais.
3204,Código não encontrado nos dicionários oficiais.
3476,Código não encontrado nos dicionários oficiais.
3735,Código não encontrado nos dicionários oficiais.
3948,Código não encontrado nos dicionários oficiais.
4057,Código não encontrado nos dicionários oficiais.
4316,Código não encontrado nos dicionários oficiais.
4910,Código não encontrado nos dicionários oficiais.
5304,Código não encontrado nos dicionários oficiais.
6416,Código não encontrado nos dicionários oficiais.
6785,Código não encontrado nos dicionários oficiais.
8087,Código não encontrado nos dicionários oficiais.
9270,Código não encontrado nos dicionários oficiais.
9377,Código não encontrado nos dicionários oficiais.
10553,Código não encontrado nos dicionários oficiais.
10618,Código não encontrado nos dicionários oficiais.
10626,Código não encontrado nos dicionários oficiais.
11487,Código não encontrado nos dicionários oficiais.
11797,Código não encontrado nos dicionários oficiais.
13404,Código não encontrado nos dicionários oficiais.
13455,Código não encontrado nos dicionários oficiais.
14680,Código não encontrado nos dicionários oficiais.
14885,Código não encontrado nos dicionários oficiais.
15989,Código não encontrado nos dicionários oficiais.
16209,Código não encontrado nos dicionários oficiais.
16373,Código não encontrado nos dicionários oficiais.
16730,Código não encontrado nos dicionários oficiais.
16802,Código não encontrado nos dicionários oficiais.
18260,Código não encontrado nos dicionários oficiais.
18430,Código não encontrado nos dicionários oficiais.
18465,Código não encontrado nos dicionários oficiais.
18830,Código não encontrado nos dicionários oficiais.
2470,Código não encontrado nos dicionários oficiais.
2640,Código não encontrado nos dicionários oficiais.
2720,Código não encontrado nos dicionários oficiais.
2810,Código não encontrado nos dicionários oficiais.
2933,Código não encontrado nos dicionários oficiais.
3387,Código não encontrado nos dicionários oficiais.
3409,Código não encontrado nos dicionários oficiais.
5282,Código não encontrado nos dicionários oficiais.
7021,Código não encontrado nos dicionários oficiais.
7536,Código não encontrado nos dicionários oficiais.
8230,Código não encontrado nos dicionários oficiais.
8273,Código não encontrado nos dicionários oficiais.
8630,Código não encontrado nos dicionários oficiais.
9733,Código não encontrado nos dicionários oficiais.
9865,Código não encontrado nos dicionários oficiais.
10499,Código não encontrado nos dicionários oficiais.
10600,Código não encontrado nos dicionários oficiais.
10707,Código não encontrado nos dicionários oficiais.
13250,Código não encontrado nos dicionários oficiais.
13960,Código não encontrado nos dicionários oficiais.
14400,Código não encontrado nos dicionários oficiais.
15172,Código não encontrado nos dicionários oficiais.
16012,Código não encontrado nos dicionários oficiais.
16470,Código não encontrado nos dicionários oficiais.
16543,Código não encontrado nos dicionários oficiais.
2780,Código não encontrado nos dicionários oficiais.
3719,Código não encontrado nos dicionários oficiais.
4111,Código não encontrado nos dicionários oficiais.
4545,Código não encontrado nos dicionários oficiais.
4847,Código não encontrado nos dicionários oficiais.
5789,Código não encontrado nos dicionários oficiais.
5908,Código não encontrado nos dicionários oficiais.
6629,Código não encontrado nos dicionários oficiais.
6688,Código não encontrado nos dicionários oficiais.
7161,Código não encontrado nos dicionários oficiais.
7951,Código não encontrado nos dicionários oficiais.
8249,Código não encontrado nos dicionários oficiais.
8320,Código não encontrado nos dicionários oficiais.
8940,Código não encontrado nos dicionários oficiais.
9130,Código não encontrado nos dicionários oficiais.
10200,Código não encontrado nos dicionários oficiais.
10340,Código não encontrado nos dicionários oficiais.
10480,Código não encontrado nos dicionários oficiais.
10570,Código não encontrado nos dicionários oficiais.
10758,Código não encontrado nos dicionários oficiais.
11665,Código não encontrado nos dicionários oficiais.
11720,Código não encontrado nos dicionários oficiais.
11886,Código não encontrado nos dicionários oficiais.
12017,Código não encontrado nos dicionários oficiais.
13633,Código não encontrado nos dicionários oficiais.
13722,Código não encontrado nos dicionários oficiais.
14494,Código não encontrado nos dicionários oficiais.
15237,Código não encontrado nos dicionários oficiais.
2151,Código não encontrado nos dicionários oficiais.
2500,Código não encontrado nos dicionários oficiais.
2968,Código não encontrado nos dicionários oficiais.
3670,Código não encontrado nos dicionários oficiais.
4421,Código não encontrado nos dicionários oficiais.
5517,Código não encontrado nos dicionários oficiais.
6734,Código não encontrado nos dicionários oficiais.
8362,Código não encontrado nos dicionários oficiais.
9644,Código não encontrado nos dicionários oficiais.
10022,Código não encontrado nos dicionários oficiais.
10464,Código não encontrado nos dicionários oficiais.
10596,Código não encontrado nos dicionários oficiais.
11010,Código não encontrado nos dicionários oficiais.
11070,Código não encontrado nos dicionários oficiais.
12173,Código não encontrado nos dicionários oficiais.
13170,Código não encontrado nos dicionários oficiais.
13617,Código não encontrado nos dicionários oficiais.
13790,Código não encontrado nos dicionários oficiais.
14273,Código não encontrado nos dicionários oficiais.
14443,Código não encontrado nos dicionários oficiais.
15504,Código não encontrado nos dicionários oficiais.
16365,Código não encontrado nos dicionários oficiais.
17248,Código não encontrado nos dicionários oficiais.
18856,Código não encontrado nos dicionários oficiais.
18953,Código não encontrado nos dicionários oficiais.
2127,Código não encontrado nos dicionários oficiais.
2399,Código não encontrado nos dicionários oficiais.
3255,Código não encontrado nos dicionários oficiais.
4502,Código não encontrado nos dicionários oficiais.
4855,Código não encontrado nos dicionários oficiais.
5029,Código não encontrado nos dicionários oficiais.
6068,Código não encontrado nos dicionários oficiais.
8389,Código não encontrado nos dicionários oficiais.
8702,Código não encontrado nos dicionários oficiais.
8770,Código não encontrado nos dicionários oficiais.
8834,Código não encontrado nos dicionários oficiais.
8842,Código não encontrado nos dicionários oficiais.
9032,Código não encontrado nos dicionários oficiais.
10898,Código não encontrado nos dicionários oficiais.
12220,Código não encontrado nos dicionários oficiais.
12670,Código não encontrado nos dicionários oficiais.
13773,Código não encontrado nos dicionários oficiais.
15610,Código não encontrado nos dicionários oficiais.
16454,Código não encontrado nos dicionários oficiais.
16489,Código não encontrado nos dicionários oficiais.
16942,Código não encontrado nos dicionários oficiais.
17302,Código não encontrado nos dicionários oficiais.
1945,Código não encontrado nos dicionários oficiais.
3263,Código não encontrado nos dicionários oficiais.
3522,Código não encontrado nos dicionários oficiais.
3700,Código não encontrado nos dicionários oficiais.
4650,Código não encontrado nos dicionários oficiais.
4669,Código não encontrado nos dicionários oficiais.
5258,Código não encontrado nos dicionários oficiais.
5380,Código não encontrado nos dicionários oficiais.
5410,Código não encontrado nos dicionários oficiais.
5533,Código não encontrado nos dicionários oficiais.
5649,Código não encontrado nos dicionários oficiais.
5762,Código não encontrado nos dicionários oficiais.
6190,Código não encontrado nos dicionários oficiais.
6726,Código não encontrado nos dicionários oficiais.
7080,Código não encontrado nos dicionários oficiais.
7269,Código não encontrado nos dicionários oficiais.
8281,Código não encontrado nos dicionários oficiais.
8400,Código não encontrado nos dicionários oficiais.
8540,Código não encontrado nos dicionários oficiais.
9920,Código não encontrado nos dicionários oficiais.
10235,Código não encontrado nos dicionários oficiais.
11274,Código não encontrado nos dicionários oficiais.
11347,Código não encontrado nos dicionários oficiais.
12610,Código não encontrado nos dicionários oficiais.
12645,Código não encontrado nos dicionários oficiais.
12939,Código não encontrado nos dicionários oficiais.
14133,Código não encontrado nos dicionários oficiais.
14214,Código não encontrado nos dicionários oficiais.
14281,Código não encontrado nos dicionários oficiais.
15342,Código não encontrado nos dicionários oficiais.
15580,Código não encontrado nos dicionários oficiais.
15601,Código não encontrado nos dicionários oficiais.
16179,Código não encontrado nos dicionários oficiais.
18899,Código não encontrado nos dicionários oficiais.
2224,Código não encontrado nos dicionários oficiais.
2372,Código não encontrado nos dicionários oficiais.
2461,Código não encontrado nos dicionários oficiais.
2860,Código não encontrado nos dicionários oficiais.
4871,Código não encontrado nos dicionários oficiais.
5495,Código não encontrado nos dicionários oficiais.
5800,Código não encontrado nos dicionários oficiais.
6971,Código não encontrado nos dicionários oficiais.
8257,Código não encontrado nos dicionários oficiais.
8796,Código não encontrado nos dicionários oficiais.
11185,Código não encontrado nos dicionários oficiais.
11320,Código não encontrado nos dicionários oficiais.
12076,Código não encontrado nos dicionários oficiais.
12599,Código não encontrado nos dicionários oficiais.
13641,Código não encontrado nos dicionários oficiais.
14044,Código não encontrado nos dicionários oficiais.
14842,Código não encontrado nos dicionários oficiais.
15024,Código não encontrado nos dicionários oficiais.
16136,Código não encontrado nos dicionários oficiais.
16381,Código não encontrado nos dicionários oficiais.
99999,Código não encontrado nos dicionários oficiais.
4170,Código não encontrado nos dicionários oficiais.
4618,Código não encontrado nos dicionários oficiais.
4766,Código não encontrado nos dicionários oficiais.
5401,Código não encontrado nos dicionários oficiais.
5878,Código não encontrado nos dicionários oficiais.
6211,Código não encontrado nos dicionários oficiais.
8060,Código não encontrado nos dicionários oficiais.
8222,Código não encontrado nos dicionários oficiais.
8753,Código não encontrado nos dicionários oficiais.
9180,Código não encontrado nos dicionários oficiais.
9407,Código não encontrado nos dicionários oficiais.
11100,Código não encontrado nos dicionários oficiais.
11312,Código não encontrado nos dicionários oficiais.
12092,Código não encontrado nos dicionários oficiais.
12181,Código não encontrado nos dicionários oficiais.
14141,Código não encontrado nos dicionários oficiais.
14346,Código não encontrado nos dicionários oficiais.
14982,Código não encontrado nos dicionários oficiais.
15296,Código não encontrado nos dicionários oficiais.
15326,Código não encontrado nos dicionários oficiais.
15970,Código não encontrado nos dicionários oficiais.
16772,Código não encontrado nos dicionários oficiais.
16918,Código não encontrado nos dicionários oficiais.
17132,Código não encontrado nos dicionários oficiais.
18210,Código não encontrado nos dicionários oficiais.
18490,Código não encontrado nos dicionários oficiais.
1937,Código não encontrado nos dicionários oficiais.
2496,Código não encontrado nos dicionários oficiais.
3395,Código não encontrado nos dicionários oficiais.
3492,Código não encontrado nos dicionários oficiais.
3743,Código não encontrado nos dicionários oficiais.
3930,Código não encontrado nos dicionários oficiais.
4227,Código não encontrado nos dicionários oficiais.
4391,Código não encontrado nos dicionários oficiais.
5673,Código não encontrado nos dicionários oficiais.
5770,Código não encontrado nos dicionários oficiais.
6386,Código não encontrado nos dicionários oficiais.
6661,Código não encontrado nos dicionários oficiais.
7200,Código não encontrado nos dicionários oficiais.
7781,Código não encontrado nos dicionários oficiais.
8605,Código não encontrado nos dicionários oficiais.
8621,Código não encontrado nos dicionários oficiais.
8656,Código não encontrado nos dicionários oficiais.
8800,Código não encontrado nos dicionários oficiais.
9580,Código não encontrado nos dicionários oficiais.
10251,Código não encontrado nos dicionários oficiais.
10693,Código não encontrado nos dicionários oficiais.
11541,Código não encontrado nos dicionários oficiais.
12025,Código não encontrado nos dicionários oficiais.
12378,Código não encontrado nos dicionários oficiais.
12459,Código não encontrado nos dicionários oficiais.
12874,Código não encontrado nos dicionários oficiais.
13307,Código não encontrado nos dicionários oficiais.
13463,Código não encontrado nos dicionários oficiais.
13820,Código não encontrado nos dicionários oficiais.
14370,Código não encontrado nos dicionários oficiais.
14435,Código não encontrado nos dicionários oficiais.
16233,Código não encontrado nos dicionários oficiais.
16284,Código não encontrado nos dicionários oficiais.
17140,Código não encontrado nos dicionários oficiais.
17680,Código não encontrado nos dicionários oficiais.
18740,Código não encontrado nos dicionários oficiais.
3069,Código não encontrado nos dicionários oficiais.
3271,Código não encontrado nos dicionários oficiais.
3379,Código não encontrado nos dicionários oficiais.
3441,Código não encontrado nos dicionários oficiais.
4120,Código não encontrado nos dicionários oficiais.
6904,Código não encontrado nos dicionários oficiais.
7803,Código não encontrado nos dicionários oficiais.
9547,Código não encontrado nos dicionários oficiais.
9954,Código não encontrado nos dicionários oficiais.
10111,Código não encontrado nos dicionários oficiais.
10170,Código não encontrado nos dicionários oficiais.
10197,Código não encontrado nos dicionários oficiais.
10308,Código não encontrado nos dicionários oficiais.
10847,Código não encontrado nos dicionários oficiais.
11525,Código não encontrado nos dicionários oficiais.
17698,Código não encontrado nos dicionários oficiais.
18767,Código não encontrado nos dicionários oficiais.
2631,Código não encontrado nos dicionários oficiais.
2852,Código não encontrado nos dicionários oficiais.
2950,Código não encontrado nos dicionários oficiais.
3239,Código não encontrado nos dicionários oficiais.
3565,Código não encontrado nos dicionários oficiais.
3921,Código não encontrado nos dicionários oficiais.
4448,Código não encontrado nos dicionários oficiais.
4570,Código não encontrado nos dicionários oficiais.
5240,Código não encontrado nos dicionários oficiais.
5746,Código não encontrado nos dicionários oficiais.
7048,Código não encontrado nos dicionários oficiais.
7064,Código não encontrado nos dicionários oficiais.
7420,Código não encontrado nos dicionários oficiais.
8192,Código não encontrado nos dicionários oficiais.
10383,Código não encontrado nos dicionários oficiais.
10561,Código não encontrado nos dicionários oficiais.
11215,Código não encontrado nos dicionários oficiais.
11584,Código não encontrado nos dicionários oficiais.
12980,Código não encontrado nos dicionários oficiais.
13056,Código não encontrado nos dicionários oficiais.
13552,Código não encontrado nos dicionários oficiais.
13889,Código não encontrado nos dicionários oficiais.
14338,Código não encontrado nos dicionários oficiais.
14613,Código não encontrado nos dicionários oficiais.
15059,Código não encontrado nos dicionários oficiais.
15180,Código não encontrado nos dicionários oficiais.
15270,Código não encontrado nos dicionários oficiais.
15474,Código não encontrado nos dicionários oficiais.
15520,Código não encontrado nos dicionários oficiais.
16411,Código não encontrado nos dicionários oficiais.
16535,Código não encontrado nos dicionários oficiais.
16640,Código não encontrado nos dicionários oficiais.
17310,Código não encontrado nos dicionários oficiais.
18198,Código não encontrado nos dicionários oficiais.
,Código não encontrado nos dicionários oficiais.
2615,Código não encontrado nos dicionários oficiais.
2658,Código não encontrado nos dicionários oficiais.
3000,Código não encontrado nos dicionários oficiais.
3018,Código não encontrado nos dicionários oficiais.
3085,Código não encontrado nos dicionários oficiais.
3549,Código não encontrado nos dicionários oficiais.
3603,Código não encontrado nos dicionários oficiais.
4480,Código não encontrado nos dicionários oficiais.
6157,Código não encontrado nos dicionários oficiais.
6556,Código não encontrado nos dicionários oficiais.
7315,Código não encontrado nos dicionários oficiais.
7609,Código não encontrado nos dicionários oficiais.
8109,Código não encontrado nos dicionários oficiais.
8524,Código não encontrado nos dicionários oficiais.
9636,Código não encontrado nos dicionários oficiais.
10880,Código não encontrado nos dicionários oficiais.
11479,Código não encontrado nos dicionários oficiais.
11800,Código não encontrado nos dicionários oficiais.
12424,Código não encontrado nos dicionários oficiais.
14648,Código não encontrado nos dicionários oficiais.
14710,Código não encontrado nos dicionários oficiais.
14729,Código não encontrado nos dicionários oficiais.
14753,Código não encontrado nos dicionários oficiais.
15539,Código não encontrado nos dicionários oficiais.
16390,Código não encontrado nos dicionários oficiais.
17442,Código não encontrado nos dicionários oficiais.
18910,Código não encontrado nos dicionários oficiais.
1970,Código não encontrado nos dicionários oficiais.
2330,Código não encontrado nos dicionários oficiais.
3115,Código não encontrado nos dicionários oficiais.
3514,Código não encontrado nos dicionários oficiais.
3859,Código não encontrado nos dicionários oficiais.
4367,Código não encontrado nos dicionários oficiais.
6084,Código não encontrado nos dicionários oficiais.
6319,Código não encontrado nos dicionários oficiais.
6777,Código não encontrado nos dicionários oficiais.
7447,Código não encontrado nos dicionários oficiais.
7641,Código não encontrado nos dicionários oficiais.
8648,Código não encontrado nos dicionários oficiais.
9202,Código não encontrado nos dicionários oficiais.
9245,Código não encontrado nos dicionários oficiais.
9350,Código não encontrado nos dicionários oficiais.
10413,Código não encontrado nos dicionários oficiais.
11410,Código não encontrado nos dicionários oficiais.
12068,Código não encontrado nos dicionários oficiais.
12289,Código não encontrado nos dicionários oficiais.
12505,Código não encontrado nos dicionários oficiais.
12890,Código não encontrado nos dicionários oficiais.
13021,Código não encontrado nos dicionários oficiais.
13811,Código não encontrado nos dicionários oficiais.
13900,Código não encontrado nos dicionários oficiais.
13935,Código não encontrado nos dicionários oficiais.
14028,Código não encontrado nos dicionários oficiais.
14419,Código não encontrado nos dicionários oficiais.
15679,Código não encontrado nos dicionários oficiais.
16519,Código não encontrado nos dicionários oficiais.
16551,Código não encontrado nos dicionários oficiais.
17400,Código não encontrado nos dicionários oficiais.
18325,Código não encontrado nos dicionários oficiais.
18570,Código não encontrado nos dicionários oficiais.
18864,Código não encontrado nos dicionários oficiais.
1961,Código não encontrado nos dicionários oficiais.
2666,Código não encontrado nos dicionários oficiais.
3077,Código não encontrado nos dicionários oficiais.
3182,Código não encontrado nos dicionários oficiais.
4081,Código não encontrado nos dicionários oficiais.
4162,Código não encontrado nos dicionários oficiais.
4944,Código não encontrado nos dicionários oficiais.
5436,Código não encontrado nos dicionários oficiais.
5576,Código não encontrado nos dicionários oficiais.
6041,Código não encontrado nos dicionários oficiais.
6262,Código não encontrado nos dicionários oficiais.
6610,Código não encontrado nos dicionários oficiais.
6653,Código não encontrado nos dicionários oficiais.
6696,Código não encontrado nos dicionários oficiais.
6769,Código não encontrado nos dicionários oficiais.
7242,Código não encontrado nos dicionários oficiais.
7994,Código não encontrado nos dicionários oficiais.
8133,Código não encontrado nos dicionários oficiais.
8150,Código não encontrado nos dicionários oficiais.
8419,Código não encontrado nos dicionários oficiais.
8591,Código não encontrado nos dicionários oficiais.
9008,Código não encontrado nos dicionários oficiais.
9970,Código não encontrado nos dicionários oficiais.
10162,Código não encontrado nos dicionários oficiais.
10685,Código não encontrado nos dicionários oficiais.
11932,Código não encontrado nos dicionários oficiais.
12696,Código não encontrado nos dicionários oficiais.
12831,Código não encontrado nos dicionários oficiais.
13102,Código não encontrado nos dicionários oficiais.
13692,Código não encontrado nos dicionários oficiais.
13978,Código não encontrado nos dicionários oficiais.
14508,Código não encontrado nos dicionários oficiais.
14532,Código não encontrado nos dicionários oficiais.
15725,Código não encontrado nos dicionários oficiais.
15806,Código não encontrado nos dicionários oficiais.
15920,Código não encontrado nos dicionários oficiais.
16241,Código não encontrado nos dicionários oficiais.
16810,Código não encontrado nos dicionários oficiais.
17183,Código não encontrado nos dicionários oficiais.
17299,Código não encontrado nos dicionários oficiais.
3280,Código não encontrado nos dicionários oficiais.
3425,Código não encontrado nos dicionários oficiais.
3956,Código não encontrado nos dicionários oficiais.
4332,Código não encontrado nos dicionários oficiais.
4413,Código não encontrado nos dicionários oficiais.
5363,Código não encontrado nos dicionários oficiais.
5851,Código não encontrado nos dicionários oficiais.
5940,Código não encontrado nos dicionários oficiais.
6408,Código não encontrado nos dicionários oficiais.
6637,Código não encontrado nos dicionários oficiais.
8672,Código não encontrado nos dicionários oficiais.
8915,Código não encontrado nos dicionários oficiais.
9164,Código não encontrado nos dicionários oficiais.
9679,Código não encontrado nos dicionários oficiais.
10995,Código não encontrado nos dicionários oficiais.
11193,Código não encontrado nos dicionários oficiais.
11401,Código não encontrado nos dicionários oficiais.
11754,Código não encontrado nos dicionários oficiais.
11835,Código não encontrado nos dicionários oficiais.
13030,Código não encontrado nos dicionários oficiais.
13064,Código não encontrado nos dicionários oficiais.
13560,Código não encontrado nos dicionários oficiais.
14052,Código não encontrado nos dicionários oficiais.
15008,Código não encontrado nos dicionários oficiais.
15555,Código não encontrado nos dicionários oficiais.
16020,Código não encontrado nos dicionários oficiais.
16039,Código não encontrado nos dicionários oficiais.
17124,Código não encontrado nos dicionários oficiais.
17736,Código não encontrado nos dicionários oficiais.
18414,Código não encontrado nos dicionários oficiais.
1996,Código não encontrado nos dicionários oficiais.
4030,Código não encontrado nos dicionários oficiais.
4219,Código não encontrado nos dicionários oficiais.
5088,Código não encontrado nos dicionários oficiais.
5487,Código não encontrado nos dicionários oficiais.
5568,Código não encontrado nos dicionários oficiais.
6106,Código não encontrado nos dicionários oficiais.
6238,Código não encontrado nos dicionários oficiais.
6300,Código não encontrado nos dicionários oficiais.
7374,Código não encontrado nos dicionários oficiais.
7846,Código não encontrado nos dicionários oficiais.
8117,Código não encontrado nos dicionários oficiais.
9300,Código não encontrado nos dicionários oficiais.
9458,Código não encontrado nos dicionários oficiais.
9482,Código não encontrado nos dicionários oficiais.
9628,Código não encontrado nos dicionários oficiais.
10278,Código não encontrado nos dicionários oficiais.
10472,Código não encontrado nos dicionários oficiais.
11444,Código não encontrado nos dicionários oficiais.
12602,Código não encontrado nos dicionários oficiais.
12653,Código não encontrado nos dicionários oficiais.
12688,Código não encontrado nos dicionários oficiais.
13480,Código não encontrado nos dicionários oficiais.
13501,Código não encontrado nos dicionários oficiais.
14290,Código não encontrado nos dicionários oficiais.
14788,Código não encontrado nos dicionários oficiais.
16306,Código não encontrado nos dicionários oficiais.
16764,Código não encontrado nos dicionários oficiais.
16829,Código não encontrado nos dicionários oficiais.
16926,Código não encontrado nos dicionários oficiais.
18350,Código não encontrado nos dicionários oficiais.
1929,Código não encontrado nos dicionários oficiais.
2291,Código não encontrado nos dicionários oficiais.
5541,Código não encontrado nos dicionários oficiais.
5924,Código não encontrado nos dicionários oficiais.
6297,Código não encontrado nos dicionários oficiais.
8010,Código não encontrado nos dicionários oficiais.
8168,Código não encontrado nos dicionários oficiais.
8826,Código não encontrado nos dicionários oficiais.
9105,Código não encontrado nos dicionários oficiais.
9881,Código não encontrado nos dicionários oficiais.
10375,Código não encontrado nos dicionários oficiais.
10731,Código não encontrado nos dicionários oficiais.
11495,Código não encontrado nos dicionários oficiais.
12343,Código não encontrado nos dicionários oficiais.
12386,Código não encontrado nos dicionários oficiais.
12548,Código não encontrado nos dicionários oficiais.
12580,Código não encontrado nos dicionários oficiais.
12637,Código não encontrado nos dicionários oficiais.
13498,Código não encontrado nos dicionários oficiais.
13870,Código não encontrado nos dicionários oficiais.
14540,Código não encontrado nos dicionários oficiais.
15660,Código não encontrado nos dicionários oficiais.
15873,Código não encontrado nos dicionários oficiais.
15903,Código não encontrado nos dicionários oficiais.
15962,Código não encontrado nos dicionários oficiais.
16292,Código não encontrado nos dicionários oficiais.
16349,Código não encontrado nos dicionários oficiais.
16721,Código não encontrado nos dicionários oficiais.
17671,Código não encontrado nos dicionários oficiais.
2089,Código não encontrado nos dicionários oficiais.
2593,Código não encontrado nos dicionários oficiais.
2763,Código não encontrado nos dicionários oficiais.
4642,Código não encontrado nos dicionários oficiais.
4731,Código não encontrado nos dicionários oficiais.
4812,Código não encontrado nos dicionários oficiais.
5169,Código não encontrado nos dicionários oficiais.
5223,Código não encontrado nos dicionários oficiais.
6998,Código não encontrado nos dicionários oficiais.
7005,Código não encontrado nos dicionários oficiais.
9172,Código não encontrado nos dicionários oficiais.
9369,Código não encontrado nos dicionários oficiais.
10855,Código não encontrado nos dicionários oficiais.
10952,Código não encontrado nos dicionários oficiais.
11061,Código não encontrado nos dicionários oficiais.
11118,Código não encontrado nos dicionários oficiais.
11606,Código não encontrado nos dicionários oficiais.
12050,Código não encontrado nos dicionários oficiais.
12114,Código não encontrado nos dicionários oficiais.
12270,Código não encontrado nos dicionários oficiais.
13277,Código não encontrado nos dicionários oficiais.
13293,Código não encontrado nos dicionários oficiais.
13781,Código não encontrado nos dicionários oficiais.
13927,Código não encontrado nos dicionários oficiais.
14664,Código não encontrado nos dicionários oficiais.
14672,Código não encontrado nos dicionários oficiais.
16276,Código não encontrado nos dicionários oficiais.
16322,Código não encontrado nos dicionários oficiais.
16691,Código não encontrado nos dicionários oficiais.
17345,Código não encontrado nos dicionários oficiais.
17507,Código não encontrado nos dicionários oficiais.
18333,Código não encontrado nos dicionários oficiais.
1988,Código não encontrado nos dicionários oficiais.
2160,Código não encontrado nos dicionários oficiais.
2275,Código não encontrado nos dicionários oficiais.
2836,Código não encontrado nos dicionários oficiais.
5002,Código não encontrado nos dicionários oficiais.
5053,Código não encontrado nos dicionários oficiais.
5371,Código não encontrado nos dicionários oficiais.
5819,Código não encontrado nos dicionários oficiais.
6360,Código não encontrado nos dicionários oficiais.
6572,Código não encontrado nos dicionários oficiais.
6823,Código não encontrado nos dicionários oficiais.
7137,Código não encontrado nos dicionários oficiais.
7234,Código não encontrado nos dicionários oficiais.
8044,Código não encontrado nos dicionários oficiais.
8095,Código não encontrado nos dicionários oficiais.
8290,Código não encontrado nos dicionários oficiais.
9199,Código não encontrado nos dicionários oficiais.
9601,Código não encontrado nos dicionários oficiais.
9873,Código não encontrado nos dicionários oficiais.
10529,Código não encontrado nos dicionários oficiais.
10634,Código não encontrado nos dicionários oficiais.
12211,Código não encontrado nos dicionários oficiais.
12262,Código não encontrado nos dicionários oficiais.
12440,Código não encontrado nos dicionários oficiais.
12920,Código não encontrado nos dicionários oficiais.
14176,Código não encontrado nos dicionários oficiais.
14265,Código não encontrado nos dicionários oficiais.
15016,Código não encontrado nos dicionários oficiais.
16110,Código não encontrado nos dicionários oficiais.
18945,Código não encontrado nos dicionários oficiais.
2526,Código não encontrado nos dicionários oficiais.
2909,Código não encontrado nos dicionários oficiais.
3484,Código não encontrado nos dicionários oficiais.
3867,Código não encontrado nos dicionários oficiais.
4790,Código não encontrado nos dicionários oficiais.
5185,Código não encontrado nos dicionários oficiais.
6440,Código não encontrado nos dicionários oficiais.
6564,Código não encontrado nos dicionários oficiais.
7102,Código não encontrado nos dicionários oficiais.
9318,Código não encontrado nos dicionários oficiais.
10049,Código não encontrado nos dicionários oficiais.
10456,Código não encontrado nos dicionários oficiais.
13242,Código não encontrado nos dicionários oficiais.
14001,Código não encontrado nos dicionários oficiais.
14770,Código não encontrado nos dicionários oficiais.
14800,Código não encontrado nos dicionários oficiais.
15032,Código não encontrado nos dicionários oficiais.
15369,Código não encontrado nos dicionários oficiais.
15490,Código não encontrado nos dicionários oficiais.
17493,Código não encontrado nos dicionários oficiais.
18252,Código não encontrado nos dicionários oficiais.
2208,Código não encontrado nos dicionários oficiais.
2402,Código não encontrado nos dicionários oficiais.
3220,Código não encontrado nos dicionários oficiais.
3310,Código não encontrado nos dicionários oficiais.
3468,Código não encontrado nos dicionários oficiais.
4154,Código não encontrado nos dicionários oficiais.
4286,Código não encontrado nos dicionários oficiais.
6009,Código não encontrado nos dicionários oficiais.
6459,Código não encontrado nos dicionários oficiais.
7463,Código não encontrado nos dicionários oficiais.
7811,Código não encontrado nos dicionários oficiais.
7943,Código não encontrado nos dicionários oficiais.
8877,Código não encontrado nos dicionários oficiais.
9113,Código não encontrado nos dicionários oficiais.
10014,Código não encontrado nos dicionários oficiais.
10138,Código não encontrado nos dicionários oficiais.
10715,Código não encontrado nos dicionários oficiais.
11746,Código não encontrado nos dicionários oficiais.
12319,Código não encontrado nos dicionários oficiais.
12769,Código não encontrado nos dicionários oficiais.
12998,Código não encontrado nos dicionários oficiais.
13625,Código não encontrado nos dicionários oficiais.
14354,Código não encontrado nos dicionários oficiais.
14869,Código não encontrado nos dicionários oficiais.
14915,Código não encontrado nos dicionários oficiais.
15083,Código não encontrado nos dicionários oficiais.
15113,Código não encontrado nos dicionários oficiais.
15636,Código não encontrado nos dicionários oficiais.
2062,Código não encontrado nos dicionários oficiais.
2380,Código não encontrado nos dicionários oficiais.
2429,Código não encontrado nos dicionários oficiais.
2453,Código não encontrado nos dicionários oficiais.
2550,Código não encontrado nos dicionários oficiais.
2674,Código não encontrado nos dicionários oficiais.
3140,Código não encontrado nos dicionários oficiais.
3417,Código não encontrado nos dicionários oficiais.
5266,Código não encontrado nos dicionários oficiais.
6076,Código não encontrado nos dicionários oficiais.
6580,Código não encontrado nos dicionários oficiais.
8508,Código não encontrado nos dicionários oficiais.
8893,Código não encontrado nos dicionários oficiais.
9237,Código não encontrado nos dicionários oficiais.
10103,Código não encontrado nos dicionários oficiais.
10510,Código não encontrado nos dicionários oficiais.
11339,Código não encontrado nos dicionários oficiais.
11681,Código não encontrado nos dicionários oficiais.
12203,Código não encontrado nos dicionários oficiais.
13358,Código não encontrado nos dicionários oficiais.
14850,Código não encontrado nos dicionários oficiais.
16330,Código não encontrado nos dicionários oficiais.
16969,Código não encontrado nos dicionários oficiais.
3174,Código não encontrado nos dicionários oficiais.
3697,Código não encontrado nos dicionários oficiais.
5584,Código não encontrado nos dicionários oficiais.
5797,Código não encontrado nos dicionários oficiais.
6017,Código não encontrado nos dicionários oficiais.
6254,Código não encontrado nos dicionários oficiais.
6793,Código não encontrado nos dicionários oficiais.
6920,Código não encontrado nos dicionários oficiais.
7226,Código não encontrado nos dicionários oficiais.
8966,Código não encontrado nos dicionários oficiais.
9890,Código não encontrado nos dicionários oficiais.
10448,Código não encontrado nos dicionários oficiais.
10812,Código não encontrado nos dicionários oficiais.
11851,Código não encontrado nos dicionários oficiais.
13048,Código não encontrado nos dicionários oficiais.
13110,Código não encontrado nos dicionários oficiais.
13412,Código não encontrado nos dicionários oficiais.
13587,Código não encontrado nos dicionários oficiais.
13595,Código não encontrado nos dicionários oficiais.
14079,Código não encontrado nos dicionários oficiais.
14168,Código não encontrado nos dicionários oficiais.
14249,Código não encontrado nos dicionários oficiais.
14320,Código não encontrado nos dicionários oficiais.
14451,Código não encontrado nos dicionários oficiais.
14699,Código não encontrado nos dicionários oficiais.
14966,Código não encontrado nos dicionários oficiais.
15415,Código não encontrado nos dicionários oficiais.
15687,Código não encontrado nos dicionários oficiais.
15695,Código não encontrado nos dicionários oficiais.
16438,Código não encontrado nos dicionários oficiais.
16845,Código não encontrado nos dicionários oficiais.
18317,Código não encontrado nos dicionários oficiais.
2194,Código não encontrado nos dicionários oficiais.
2240,Código não encontrado nos dicionários oficiais.
2364,Código não encontrado nos dicionários oficiais.
4146,Código não encontrado nos dicionários oficiais.
4200,Código não encontrado nos dicionários oficiais.
4294,Código não encontrado nos dicionários oficiais.
4472,Código não encontrado nos dicionários oficiais.
4634,Código não encontrado nos dicionários oficiais.
4723,Código não encontrado nos dicionários oficiais.
5010,Código não encontrado nos dicionários oficiais.
5061,Código não encontrado nos dicionários oficiais.
5070,Código não encontrado nos dicionários oficiais.
5126,Código não encontrado nos dicionários oficiais.
5622,Código não encontrado nos dicionários oficiais.
5665,Código não encontrado nos dicionários oficiais.
5886,Código não encontrado nos dicionários oficiais.
5894,Código não encontrado nos dicionários oficiais.
6700,Código não encontrado nos dicionários oficiais.
6947,Código não encontrado nos dicionários oficiais.
9687,Código não encontrado nos dicionários oficiais.
9989,Código não encontrado nos dicionários oficiais.
10545,Código não encontrado nos dicionários oficiais.
10642,Código não encontrado nos dicionários oficiais.
11452,Código não encontrado nos dicionários oficiais.
11894,Código não encontrado nos dicionários oficiais.
12165,Código não encontrado nos dicionários oficiais.
12904,Código não encontrado nos dicionários oficiais.
13340,Código não encontrado nos dicionários oficiais.
14702,Código não encontrado nos dicionários oficiais.
16063,Código não encontrado nos dicionários oficiais.
17175,Código não encontrado nos dicionários oficiais.
18449,Código não encontrado nos dicionários oficiais.
1910,Código não encontrado nos dicionários oficiais.
2097,Código não encontrado nos dicionários oficiais.
2623,Código não encontrado nos dicionários oficiais.
2755,Código não encontrado nos dicionários oficiais.
3506,Código não encontrado nos dicionários oficiais.
3611,Código não encontrado nos dicionários oficiais.
3824,Código não encontrado nos dicionários oficiais.
3832,Código não encontrado nos dicionários oficiais.
3999,Código não encontrado nos dicionários oficiais.
4073,Código não encontrado nos dicionários oficiais.
4529,Código não encontrado nos dicionários oficiais.
4677,Código não encontrado nos dicionários oficiais.
5037,Código não encontrado nos dicionários oficiais.
5835,Código não encontrado nos dicionários oficiais.
6270,Código não encontrado nos dicionários oficiais.
6548,Código não encontrado nos dicionários oficiais.
6831,Código não encontrado nos dicionários oficiais.
7480,Código não encontrado nos dicionários oficiais.
7757,Código não encontrado nos dicionários oficiais.
8575,Código não encontrado nos dicionários oficiais.
9156,Código não encontrado nos dicionários oficiais.
9784,Código não encontrado nos dicionários oficiais.
11991,Código não encontrado nos dicionários oficiais.
12122,Código não encontrado nos dicionários oficiais.
12572,Código não encontrado nos dicionários oficiais.
12726,Código não encontrado nos dicionários oficiais.
14192,Código não encontrado nos dicionários oficiais.
14990,Código não encontrado nos dicionários oficiais.
15067,Código não encontrado nos dicionários oficiais.
15091,Código não encontrado nos dicionários oficiais.
15350,Código não encontrado nos dicionários oficiais.
17701,Código não encontrado nos dicionários oficiais.
18236,Código não encontrado nos dicionários oficiais.
18376,Código não encontrado nos dicionários oficiais.
18384,Código não encontrado nos dicionários oficiais.
2747,Código não encontrado nos dicionários oficiais.
3344,Código não encontrado nos dicionários oficiais.
3433,Código não encontrado nos dicionários oficiais.
3662,Código não encontrado nos dicionários oficiais.
3786,Código não encontrado nos dicionários oficiais.
3913,Código não encontrado nos dicionários oficiais.
5428,Código não encontrado nos dicionários oficiais.
6327,Código não encontrado nos dicionários oficiais.
6424,Código não encontrado nos dicionários oficiais.
6483,Código não encontrado nos dicionários oficiais.
6530,Código não encontrado nos dicionários oficiais.
6955,Código não encontrado nos dicionários oficiais.
7587,Código não encontrado nos dicionários oficiais.
7684,Código não encontrado nos dicionários oficiais.
7790,Código não encontrado nos dicionários oficiais.
8338,Código não encontrado nos dicionários oficiais.
8494,Código não encontrado nos dicionários oficiais.
9717,Código não encontrado nos dicionários oficiais.
10081,Código não encontrado nos dicionários oficiais.
11363,Código não encontrado nos dicionários oficiais.
11398,Código não encontrado nos dicionários oficiais.
11843,Código não encontrado nos dicionários oficiais.
12629,Código não encontrado nos dicionários oficiais.
12963,Código não encontrado nos dicionários oficiais.
13161,Código não encontrado nos dicionários oficiais.
13676,Código não encontrado nos dicionários oficiais.
13706,Código não encontrado nos dicionários oficiais.
13943,Código não encontrado nos dicionários oficiais.
15377,Código não encontrado nos dicionários oficiais.
15717,Código não encontrado nos dicionários oficiais.
16861,Código não encontrado nos dicionários oficiais.
16993,Código não encontrado nos dicionários oficiais.
17809,Código não encontrado nos dicionários oficiais.
17841,Código não encontrado nos dicionários oficiais.
1902,Código não encontrado nos dicionários oficiais.
2143,Código não encontrado nos dicionários oficiais.
4278,Código não encontrado nos dicionários oficiais.
5312,Código não encontrado nos dicionários oficiais.
5711,Código não encontrado nos dicionários oficiais.
6149,Código não encontrado nos dicionários oficiais.
6521,Código não encontrado nos dicionários oficiais.
6963,Código não encontrado nos dicionários oficiais.
7340,Código não encontrado nos dicionários oficiais.
7498,Código não encontrado nos dicionários oficiais.
7528,Código não encontrado nos dicionários oficiais.
7706,Código não encontrado nos dicionários oficiais.
7889,Código não encontrado nos dicionários oficiais.
8125,Código não encontrado nos dicionários oficiais.
10359,Código não encontrado nos dicionários oficiais.
10391,Código não encontrado nos dicionários oficiais.
11240,Código não encontrado nos dicionários oficiais.
11380,Código não encontrado nos dicionários oficiais.
12130,Código não encontrado nos dicionários oficiais.
13803,Código não encontrado nos dicionários oficiais.
13897,Código não encontrado nos dicionários oficiais.
14222,Código não encontrado nos dicionários oficiais.
14931,Código não encontrado nos dicionários oficiais.
15164,Código não encontrado nos dicionários oficiais.
15288,Código não encontrado nos dicionários oficiais.
15407,Código não encontrado nos dicionários oficiais.
15512,Código não encontrado nos dicionários oficiais.
15768,Código não encontrado nos dicionários oficiais.
16160,Código não encontrado nos dicionários oficiais.
17566,Código não encontrado nos dicionários oficiais.
215,Educandario
216,Eldorado
212,Embu Mirim
217,Embura
208,Engenheiro Goulart
210,Engenheiro Marsilac
214,Engenheiro Trindade
211,Ermelino Matarazzo
209,Estancia Jaragua
218,Estancia Mirim
213,Estancia Tangara
219,Favela Vila Nova Jaguare
220,Fazenda Aricanduva
221,Fazenda Itaim
222,Fazenda Juta
223,Fazenda Morumbi
224,Ferreira
0,Fora do Estado de São Paulo
225,Freguesia do o
226,Furnas
227,Gleba do Pessego
230,Grajau
228,Granja Julieta
229,Granja Nossa Senhora Aparecida
231,Guacuri
232,Guaianazes
233,Guaiauna
234,Guapira
235,Guarapiranga
236,Guavirutuba
238,Higienopolis
239,Horto
237,Horto Florestal
243,Ibirapuera
-1,Ignorado
244,Iguatemi
245,Imirim
246,Indianopolis
242,Instituto de Previdencia
247,Interlagos
248,Ipiranga
249,Itaberaba
250,Itaim
240,Itaim Bibi
241,Itaim Paulista
251,Itaquera
252,Itupu
254,Jabaquara
255,Jacana
256,Jaguare
257,Jaragua
269,Jardim Adelaide
270,Jardim Adelfiore
271,Jardim Adelia
260,Jardim Adhemar de Barros
272,Jardim Adutora
273,Jardim Aeroporto
274,Jardim Aida
275,Jardim Aimore
276,Jardim Aladim
278,Jardim Albano
279,Jardim Alfredo
280,Jardim Almanara
266,Jardim Almeida Prado
281,Jardim Alpino
282,Jardim Alteza
309,Jardim Alto Alegre
310,Jardim Alto Pedroso
311,Jardim Alto do Rio Bonito
284,Jardim Alva
285,Jardim Alvarenga
286,Jardim Alvina
287,Jardim Alviverde
288,Jardim Alvorada
289,Jardim Alzira
290,Jardim Amalia
291,Jardim Amaralina
292,Jardim America
265,Jardim America da Penha
293,Jardim Ampliacao
263,Jardim Ana Lucia
264,Jardim Ana Maria
267,Jardim Ana Rosa
261,Jardim Analia Franco
294,Jardim Anchieta
295,Jardim Andarai
296,Jardim Angela
297,Jardim Angelina
298,Jardim Anhanguera
299,Jardim Antartica
300,Jardim Aparecida
301,Jardim Apura
302,Jardim Aracati
303,Jardim Arco-Iris
304,Jardim Aricanduva
305,Jardim Arize
306,Jardim Arizona
307,Jardim Arpoador
259,Jardim Artur Alvim
308,Jardim Assuncao
262,Jardim Ataliba Leonel
312,Jardim Atibaia
313,Jardim Atlantico
314,Jardim Augusta
315,Jardim Augusto
316,Jardim Aurelia
317,Jardim Aurelio
318,Jardim Aurora
319,Jardim Avelino
320,Jardim Avenida
327,Jardim Bandeirante
329,Jardim Bandeirantes
330,Jardim Barros
331,Jardim Bartira
332,Jardim Batalha
333,Jardim Beatriz
334,Jardim Bela Vista
335,Jardim Belaura
336,Jardim Belcito
337,Jardim Belem
338,Jardim Belgica
339,Jardim Benfica
340,Jardim Bibi
341,Jardim Bichinhos
322,Jardim Boa Esperanca
326,Jardim Boa Sorte
342,Jardim Boa Vista
321,Jardim Bom Clima
324,Jardim Bom Pastor
325,Jardim Bom Refugio
343,Jardim Bonfiglioli
344,Jardim Bonito
323,Jardim Borba Gato
350,Jardim Bosque do Sol
345,Jardim Botucatu
346,Jardim Brasil
347,Jardim Brasilia
348,Jardim Britania
349,Jardim Bronzato
351,Jardim Buriti
360,Jardim Cabore
361,Jardim Cabucu
362,Jardim Cachoeira
363,Jardim Caguassu
364,Jardim Camara
365,Jardim Camargo
366,Jardim Cambara
369,Jardim Campinas
418,Jardim Campo Grande
419,Jardim Campo Limpo
417,Jardim Campo dos Ferreiros
371,Jardim Campos
358,Jardim Capao Redondo
372,Jardim Capela
373,Jardim Capelinha
374,Jardim Caravelas
375,Jardim Carlu
377,Jardim Carolina
378,Jardim Carombe
353,Jardim Casa Grande
356,Jardim Casa Pintada
379,Jardim Casablanca
380,Jardim Castelo
382,Jardim Catanduva
383,Jardim Catarina
384,Jardim Cecy I
385,Jardim Cecy II (Cod Bai - 01899)
355,Jardim Cedro do Libano
386,Jardim Celeste
387,Jardim Celia
388,Jardim Centenario
389,Jardim Central
352,Jardim Cercado da Estrada
391,Jardim Chester
392,Jardim Cibele
357,Jardim Cidade Pirituba
393,Jardim Cidalia
394,Jardim Cimobil
354,Jardim Cinco de Julho
359,Jardim Clara Regina
395,Jardim Clarice
396,Jardim Claudia
397,Jardim Cleide
398,Jardim Clelia
399,Jardim Climax
400,Jardim Cliper
401,Jardim Coimbra
402,Jardim Colegio
403,Jardim Colina
404,Jardim Colombo
405,Jardim Colonial
406,Jardim Colorado
407,Jardim Comercial
408,Jardim Concordia
410,Jardim Consorcio
411,Jardim Consupler
412,Jardim Copacabana
413,Jardim Cordeiro
414,Jardim Cotching
415,Jardim Cotiana
416,Jardim Cotinha
420,Jardim Cristal
421,Jardim Cristalia
422,Jardim Cristina
423,Jardim Cruzeiro
424,Jardim Cupece
433,Jardim D'abril
434,Jardim Dalmo
435,Jardim Damasceno
436,Jardim Danfer
438,Jardim Daysy
439,Jardim Denyse
440,Jardim Deolinda
441,Jardim Dinorah
442,Jardim Diomar
443,Jardim Dionisio
425,Jardim Dom Bosco
427,Jardim Dom Fernando
428,Jardim Dom Jose
446,Jardim Domitila
426,Jardim Dona Deolinda
429,Jardim Dona Sinha
447,Jardim Donaria
450,Jardim Dracena
451,Jardim Drumond
452,Jardim Duprat
456,Jardim Edda
457,Jardim Edi
458,Jardim Edilene
459,Jardim Edith
460,Jardim Edwiges
461,Jardim Egle
462,Jardim Elba
463,Jardim Eledy
464,Jardim Eliana-a
465,Jardim Eliane
453,Jardim Elisa Maria
466,Jardim Elisio
467,Jardim Eliza
468,Jardim Elizabeth
469,Jardim Ellus
470,Jardim Elza
471,Jardim Emilia
454,Jardim Engenheiro Visconti
472,Jardim Ernestina
473,Jardim Esmeralda
475,Jardim Esperanca
477,Jardim Ester
455,Jardim Ester Yolanda
478,Jardim Estrela
479,Jardim Etelvina
481,Jardim Europa
482,Jardim Eva
483,Jardim Everest
485,Jardim Faria Lima
489,Jardim Felicidade
490,Jardim Fernandes
484,Jardim Figueira Grande
488,Jardim Fim de Semana
491,Jardim Flamingo
493,Jardim Floresta
487,Jardim Florida Paulista
494,Jardim Fluminense
496,Jardim Fonte São Miguel
495,Jardim Fonte do Morumbi
497,Jardim Franca
486,Jardim Francisco Mentem
499,Jardim Franganielo
500,Jardim Fraternidade
501,Jardim Fujihara
503,Jardim Galli
504,Jardim Germania
505,Jardim Gianetti
506,Jardim Gilberto
502,Jardim Gilda Maria
507,Jardim Gloria
508,Jardim Gonzaga
510,Jardim Grimaldi
511,Jardim Guacuri
512,Jardim Guaianazes
513,Jardim Guairaca
514,Jardim Guanabara
515,Jardim Guanca
516,Jardim Guanhembu
517,Jardim Guapira
518,Jardim Guarani
519,Jardim Guarapiranga
520,Jardim Guarau
521,Jardim Guaruja
522,Jardim Guedala
523,Jardim Guiomar
524,Jardim Gustavo
529,Jardim Hadad
526,Jardim Haia do Carrao
530,Jardim Harmonia
531,Jardim Helena
532,Jardim Helga
533,Jardim Helian
534,Jardim Heliomar
535,Jardim Heloisa
536,Jardim Hercilia
537,Jardim Herculano
538,Jardim Herplin
539,Jardim Hipico
525,Jardim Horizonte Azul
527,Jardim Horto Florestal
540,Jardim Humaita
528,Jardim Humberto Nastari
542,Jardim Iae
543,Jardim Iara
544,Jardim Ibirapuera
545,Jardim Ibiratiba
546,Jardim Ibitirama
547,Jardim Icara
548,Jardim Icarai
541,Jardim Ida Guedes
549,Jardim Ideal
550,Jardim Iguatemi
551,Jardim Imbe
553,Jardim Imperador
554,Jardim Imperial
555,Jardim Imperio
556,Jardim Indaia
557,Jardim Independencia
558,Jardim Inga
559,Jardim Internacional
560,Jardim Ipanema
561,Jardim Ipe
563,Jardim Ipora
564,Jardim Iporanga
565,Jardim Iracema
566,Jardim Irapiranga
567,Jardim Irene
568,Jardim Iris
569,Jardim Itacolomi
570,Jardim Itaguacu
571,Jardim Itajai
572,Jardim Italia
573,Jardim Itamaraty
574,Jardim Itaoca
575,Jardim Itapemirim
576,Jardim Itapeva
577,Jardim Itapolis
578,Jardim Itapura
579,Jardim Itatiaia
580,Jardim Itatinga
581,Jardim Iva
582,Jardim Ivana
583,Jardim Ivete
584,Jardim Ivone
586,Jardim Jabaquara
587,Jardim Jacana
589,Jardim Jamaica
590,Jardim Japao
591,Jardim Jaqueline
592,Jardim Jaragua
593,Jardim Jau
594,Jardim Jeriva
595,Jardim Joamar
585,Jardim Joana D Arc
596,Jardim Joao Xxiii
597,Jardim Joia
598,Jardim Jordao
599,Jardim Jua
600,Jardim Julieta
601,Jardim Jurema
602,Jardim Jussara
603,Jardim Kagohara
604,Jardim Kaj
605,Jardim Keralux
606,Jardim Kika
607,Jardim Kioto
613,Jardim Lageado
616,Jardim Lallo
617,Jardim Laone
618,Jardim Lapena
612,Jardim Lar São Paulo
619,Jardim Laranjal
620,Jardim Laranjeiras
621,Jardim Laura
622,Jardim Leila
623,Jardim Leme
624,Jardim Leni
625,Jardim Leonardo
611,Jardim Leonidas Moreira
626,Jardim Leonor
610,Jardim Leonor Mendes de Barros
627,Jardim Leticia
628,Jardim Libano
629,Jardim Lice
630,Jardim Lider
631,Jardim Lideranca
632,Jardim Lidia
633,Jardim Lilah
634,Jardim Lisboa
635,Jardim Londrina
608,Jardim Los Angeles
637,Jardim Lourdes
638,Jardim Luanda
639,Jardim Lucelia
640,Jardim Lucia
641,Jardim Luciana
642,Jardim Lucinda
609,Jardim Lucio de Castro
643,Jardim Lugo
644,Jardim Luisa
645,Jardim Luso
646,Jardim Luzitania
663,Jardim Mabel
664,Jardim Macedonia
665,Jardim Machado
666,Jardim Maggi
667,Jardim Maia
668,Jardim Malia I
669,Jardim Malia II
671,Jardim Mangalot
672,Jardim Maraba
673,Jardim Maraca
674,Jardim Maracana
675,Jardim Marajoara
676,Jardim Marcel
677,Jardim Marcelo
678,Jardim Marciano
657,Jardim Marco Paulo
679,Jardim Margarida
647,Jardim Maria Amalia
649,Jardim Maria Duarte
650,Jardim Maria Emilia
651,Jardim Maria Estela
652,Jardim Maria Fernandes
653,Jardim Maria Lucia
654,Jardim Maria Luiza
655,Jardim Maria Margarida
656,Jardim Maria Nazare
659,Jardim Maria Rita
660,Jardim Maria Sampaio
662,Jardim Maria Virginia
680,Jardim Mariane
681,Jardim Marilda
682,Jardim Marilia
683,Jardim Mariliza
684,Jardim Marilu
685,Jardim Marina
686,Jardim Maringa
687,Jardim Marisa
688,Jardim Maristela
689,Jardim Marpu
690,Jardim Marquesa
691,Jardim Martha
692,Jardim Martini
693,Jardim Martinica
661,Jardim Martins Silva
694,Jardim Mascarenhas
695,Jardim Matarazzo
696,Jardim Mazza
697,Jardim Meliunas
698,Jardim Melo
699,Jardim Mikail
700,Jardim Mimar
701,Jardim Miragaia
702,Jardim Mirante
703,Jardim Miriam
704,Jardim Mitsutani
705,Jardim Modelo
706,Jardim Monica
707,Jardim Monjolo
712,Jardim Monte Alegre
713,Jardim Monte Azul
648,Jardim Monte Belo
714,Jardim Monte Kemel
658,Jardim Morais Prado
708,Jardim Moreno
709,Jardim Morganti
711,Jardim Morro Verde
710,Jardim Morumbi
715,Jardim Mutinga
716,Jardim Myrna
732,Jardim Nadir
729,Jardim Nagib Salem
733,Jardim Nair
734,Jardim Nakamura
735,Jardim Namba
736,Jardim Nardini
737,Jardim Nastari
738,Jardim Natal
739,Jardim Naufal
740,Jardim Nazareth
741,Jardim Neide
742,Jardim Neila
743,Jardim Nelia
744,Jardim Nelia I
745,Jardim Nelia II
746,Jardim Nelia III
747,Jardim Nelia IV
748,Jardim Nelia IV (Cod Bai - 18546)
749,Jardim Nelly
750,Jardim Nice
751,Jardim Niteroi
752,Jardim Nizia
753,Jardim Noemia
754,Jardim Nordeste
755,Jardim Norma
756,Jardim Noronha
728,Jardim Nossa Senhora do Carmo
724,Jardim Nosso Lar
717,Jardim Nova Brasilia
719,Jardim Nova Colonia
720,Jardim Nova Germania
721,Jardim Nova Guaianazes
731,Jardim Nova Tereza
723,Jardim Nove de Julho
718,Jardim Novo Carrao
722,Jardim Novo Horizonte
725,Jardim Novo Mundo
726,Jardim Novo Parelheiros
727,Jardim Novo Santo Amaro
730,Jardim Novo Taboao
757,Jardim Odete
758,Jardim Olinda
760,Jardim Olympia
761,Jardim Ondina
762,Jardim Orbam
763,Jardim Oriental
764,Jardim Orion
765,Jardim Orly
766,Jardim Ormendina
767,Jardim Outono
777,Jardim Palmares
780,Jardim Panorama
772,Jardim Panorama D'oeste
781,Jardim Paqueta
783,Jardim Paraguacu
784,Jardim Paris
820,Jardim Parque Morumbi
786,Jardim Patente
785,Jardim Patente Novo
787,Jardim Pauliceia
788,Jardim Paulista
789,Jardim Paulistano
768,Jardim Paulo Afonso
770,Jardim Paulo Borba
790,Jardim Paulo VI
771,Jardim Pedra Branca
792,Jardim Pedreira
774,Jardim Pedro Jose Nunes
793,Jardim Penha
775,Jardim Pereira Leite
794,Jardim Peri
795,Jardim Peri Novo
776,Jardim Peri Peri
796,Jardim Perus
797,Jardim Petisco
798,Jardim Petropolis
799,Jardim Picolo
800,Jardim Pinheiros
801,Jardim Piqueri
802,Jardim Piqueroby
803,Jardim Piracema
804,Jardim Piracuama
805,Jardim Pirajussara
806,Jardim Piratininga
807,Jardim Pirituba
808,Jardim Planalto
809,Jardim Pongilutti
822,Jardim Ponte Rasa
810,Jardim Popular
773,Jardim Porteira Grande
769,Jardim Pouso Alegre
813,Jardim Presidencia
814,Jardim Presidente
815,Jardim Previdencia
816,Jardim Primavera
817,Jardim Princesa
818,Jardim Progresso
819,Jardim PromisSão
821,Jardim Prudencia
823,Jardim Quarto Centenario
824,Jardim Quisisana
832,Jardim Ramala
831,Jardim Raposo Tavares
833,Jardim Real
834,Jardim Recanto do Sol
835,Jardim Record
836,Jardim Recreio
837,Jardim Redencao
838,Jardim Redil
839,Jardim Regina
825,Jardim Regina Aurea
840,Jardim Regis
841,Jardim Reimberg
842,Jardim Remo
843,Jardim Represa
844,Jardim Republica
845,Jardim Ricardo
846,Jardim Rincao
826,Jardim Rio Bonito
827,Jardim Rio Douro
829,Jardim Rio Pequeno
847,Jardim Riviera
848,Jardim Rizzo
849,Jardim Robru
830,Jardim Rodolfo Pirani
850,Jardim Romano
851,Jardim Roni
828,Jardim Rosa Maria
852,Jardim Rosalina
853,Jardim Rosana
855,Jardim Roseli
856,Jardim Rosider
857,Jardim Rosina
858,Jardim Rossin
859,Jardim Rubilene
860,Jardim Rubio
861,Jardim Russo
862,Jardim Ruth
906,Jardim S Kemel
942,Jardim Sabara
898,Jardim Sabia do Itaim
877,Jardim Sagrado Coracao
943,Jardim Samambaia
944,Jardim Samara
945,Jardim Samas
947,Jardim Sandra
946,Jardim Sandra Maria
863,Jardim Santa Adelia
870,Jardim Santa Barbara
874,Jardim Santa Branca
876,Jardim Santa Cecilia
879,Jardim Santa Cruz
882,Jardim Santa Edwiges
883,Jardim Santa Efigenia
885,Jardim Santa Emilia
886,Jardim Santa Etelvina
889,Jardim Santa Fe
890,Jardim Santa Filomena
888,Jardim Santa Francisca Cabrini
893,Jardim Santa Gertrudes
895,Jardim Santa Helena
896,Jardim Santa Ines
905,Jardim Santa Josefina
908,Jardim Santa Lucrecia
910,Jardim Santa Luisa
912,Jardim Santa Marcelina
913,Jardim Santa Margarida
968,Jardim Santa Maria
918,Jardim Santa Monica
927,Jardim Santa Rita
936,Jardim Santa Teresinha
937,Jardim Santa Tereza
938,Jardim Santa Terezinha
941,Jardim Santa Zelia
948,Jardim Santana
864,Jardim Santo Alberto
865,Jardim Santo Amaro
866,Jardim Santo Andre
867,Jardim Santo Antoninho
868,Jardim Santo Antonio
884,Jardim Santo Elias
920,Jardim Santo Onofre
881,Jardim Santos Dumont
949,Jardim Sapopemba
950,Jardim Sarah
951,Jardim Satelite
952,Jardim Saude
953,Jardim Scaff
954,Jardim Seckler
955,Jardim Selma
956,Jardim Senice
957,Jardim Sertaozinho
933,Jardim Sete de Setembro
958,Jardim Shangrila
935,Jardim Silva Teles
959,Jardim Silveira
960,Jardim Silvia
961,Jardim Soares
963,Jardim Solange
964,Jardim Somara
965,Jardim Sonia
897,Jardim Sonia Inga
914,Jardim Sonia Marly
924,Jardim Sonia Regina
966,Jardim Soraia
967,Jardim Souza
930,Jardim Sul São Paulo
969,Jardim Suzana
970,Jardim Sydney
871,Jardim São Benedito
872,Jardim São Bento
869,Jardim São Bento Novo
873,Jardim São Bernardo
875,Jardim São Carlos
878,Jardim São Cristovao
880,Jardim São Domingos
891,Jardim São Francisco
887,Jardim São Francisco de Assis
892,Jardim São Gabriel
894,Jardim São Goncalo
900,Jardim São Januario
901,Jardim São Joao
902,Jardim São Joaquim
903,Jardim São Jorge
904,Jardim São Jose
899,Jardim São Judas Tadeu
907,Jardim São Lourenco
909,Jardim São Luis
911,Jardim São Manoel
915,Jardim São Martinho
916,Jardim São Mateus
917,Jardim São Miguel
919,Jardim São Nicolau
921,Jardim São Paulo
922,Jardim São Pedro
923,Jardim São Rafael
925,Jardim São Remo
926,Jardim São Ricardo
928,Jardim São Roberto
929,Jardim São Roque
931,Jardim São Saverio
932,Jardim São Sebastiao
934,Jardim São Silvestre
939,Jardim São Vicente
940,Jardim São Vitor
975,Jardim Taboao
976,Jardim Taipas
977,Jardim Tamoio
978,Jardim Tanay
979,Jardim Tango
980,Jardim Tapera
981,Jardim Taquaral
982,Jardim Teixeira
983,Jardim Tenani
984,Jardim Teresa
972,Jardim Teresa Cristina
985,Jardim Textil
986,Jardim Thealia
987,Jardim Thomaz
988,Jardim Tiete
974,Jardim Tiro ao Pombo
990,Jardim Toca
991,Jardim Tremembe
971,Jardim Tres Coracoes
973,Jardim Tres Marias
992,Jardim Triana
993,Jardim Tricolor
994,Jardim Tropical
995,Jardim Trussardi
996,Jardim Tua
997,Jardim Tupa
998,Jardim Tupi
999,Jardim Turquesa
1000,Jardim Uberaba
1001,Jardim Ubirajara
1002,Jardim Uirapuru
1003,Jardim Umarizal
1004,Jardim Umuarama
1005,Jardim Uniao
1006,Jardim Universal
1007,Jardim Universidade
1008,Jardim Universitario
1032,Jardim Vale das Virtudes
1031,Jardim Vale do Ribeira
1017,Jardim Valquiria
1013,Jardim Varginha do Itaim
1014,Jardim Vaz de Lima
1018,Jardim Vazani
1012,Jardim Vera Cruz
1019,Jardim Vergueiro
1020,Jardim Veronica
1022,Jardim Viana
1023,Jardim Vieira
1027,Jardim Vila Carrao
1028,Jardim Vila Formosa
1029,Jardim Vila Mariana
1030,Jardim Vila Nova Progresso
1011,Jardim Vilas Boas
1024,Jardim Vilma
1025,Jardim Virginia
1010,Jardim Virginia Bianca
1009,Jardim Vista Alegre
1015,Jardim Vista Linda
1016,Jardim Vitoria Regia
1026,Jardim Vivan
1034,Jardim Wanda
1033,Jardim Wilma Flor
1035,Jardim Yara
1036,Jardim Ymay
1037,Jardim Zaira
1038,Jardim Zelia
1039,Jardim Zilda
368,Jardim da Campina
409,Jardim da Conquista
430,Jardim da Gloria
431,Jardim da Laranjeira
432,Jardim da Saude
268,Jardim das Acacias
328,Jardim das Bandeiras
367,Jardim das Camelias
474,Jardim das Esmeraldas
492,Jardim das Flores
509,Jardim das Gracas
552,Jardim das Imbuias
437,Jardim das Laranjeiras
759,Jardim das Oliveiras
778,Jardim das Palmas
779,Jardim das Palmeiras
791,Jardim das Pedras
812,Jardim das Praias
854,Jardim das Rosas
1021,Jardim das Vertentes
636,Jardim de Lorenzo
283,Jardim do Alto
370,Jardim do Campo
376,Jardim do Carmo
390,Jardim do Centro
258,Jardim do Colegio
444,Jardim do Divino
614,Jardim do Lago
445,Jardim do Russo
962,Jardim do Sol
989,Jardim do Tiro
277,Jardim dos Alamos
448,Jardim dos Bichinhos
381,Jardim dos Cataldis
476,Jardim dos Estados
480,Jardim dos Eucaliptos
498,Jardim dos Francos
562,Jardim dos Ipes
588,Jardim dos Jacarandas
615,Jardim dos Lagos
670,Jardim dos Manacas
449,Jardim dos Pinheiros
811,Jardim dos Prados
782,Jardim para
1040,Jordanopolis
253,Jose Bonifacio
1041,Jurubatuba
1044,Lageado
1045,Lapa
1042,Lapa de Baixo
1043,Lauzane Paulista
1046,Liberdade
1047,Limao
1048,Limoeiro
1049,Loteamento City Jaragua
1050,Loteamento Parque das Hortencias
1051,Luz
1056,Mandaqui
1057,Maranhao
1052,Mata Fria
1053,Miami Paulista
1058,Mirandopolis
1055,Moinho Velho
1059,Mooca
1054,Morada do Sol
1061,Morro Grande
1062,Morro do Indio
1063,Morro dos Ingleses
1060,Morumbi
1067,Nossa Senhora do o
1066,Nova Piraju
1064,Nucleo Carvalho de Araujo
1065,Nucleo Lageado
9999,Outros Municípios de São Paulo
1071,Pacaembu
1072,Paineiras do Morumbi
1073,Parada
1079,Parada Cinquenta e Sete
1080,Parada Inglesa
1081,Parada Quinze
1074,Paraiso
1075,Paraiso do Morumbi
1076,Paraisopolis
1077,Parelheiros
1078,Pari
1109,Parque Alto do Rio Bonito
1101,Parque Alves de Lima
1102,Parque Amazonas
1103,Parque Amelia
1104,Parque America
1105,Parque Anhanguera
1106,Parque Anhembi
1107,Parque Arariba
1100,Parque Artur Alvim
1110,Parque Atlantico
1112,Parque Bairro Morumbi
1114,Parque Belem
1111,Parque Boa Esperanca
1115,Parque Bologne
1116,Parque Boturussu
1117,Parque Brasil
1118,Parque Bristol
1119,Parque Casa de Pedra
1122,Parque Central
1123,Parque Cisper
1124,Parque Claudia
1125,Parque Cocaia
1126,Parque Colonial
1127,Parque Continental
1128,Parque Cristina
1120,Parque Cruzeiro do Sul
1132,Parque Deizy
1129,Parque Dom Joao Neri
1134,Parque Doroteia
1135,Parque Edu Chaves
1137,Parque Esmeralda
1138,Parque Esperanca
1140,Parque Fernanda
1141,Parque Flamengo
1142,Parque Florestal
1143,Parque Fongaro
1144,Parque Grajau
1145,Parque Guaianazes
1146,Parque Guarani
1148,Parque Ibirapuera
1149,Parque Imperial
1150,Parque Independencia
1151,Parque Industrial
1147,Parque Industrial Tomas Edson
1152,Parque Ipe
1153,Parque Itaberaba
1154,Parque Jabaquara
1155,Parque Jardim Mirassol
1157,Parque Lagoa Rica
1159,Parque Lagoinha
1098,Parque Leo
1160,Parque Ligia
1156,Parque Luis Mucciolo
1166,Parque Malagoli
1167,Parque Mandaqui
1168,Parque Mandi
1161,Parque Maria Alice
1162,Parque Maria Domitila
1163,Parque Maria Helena
1164,Parque Maria Luiza
1165,Parque Monteiro Soares
1171,Parque Morro Doce
1172,Parque Muciolo
1173,Parque Munhoz
1178,Parque Nacoes Unidas
1174,Parque Novo Grajau
1175,Parque Novo Lar
1176,Parque Novo Mundo
1177,Parque Novo Santo Amaro
1181,Parque Paineiras
1182,Parque Paiolzinho
1180,Parque Pan Americano
1183,Parque Paulistano
1184,Parque Penha
1185,Parque Pereira
1186,Parque Peruche
1187,Parque Petropolis
1188,Parque Planalto
1189,Parque Primavera
1192,Parque Ramos Freitas
1193,Parque Reboucas
1194,Parque Recreio
1195,Parque Regina
1196,Parque Residencial Cocaia
1197,Parque Residencial D'abril
1198,Parque Residencial Julia
1201,Parque Residencial Oratorio
1202,Parque Residencial Rio Bonito
1200,Parque Residencial da Lapa
1199,Parque Residencial dos Lagos
1191,Parque Rodrigues Alves
1223,Parque Sabara
1204,Parque Santa Amelia
1206,Parque Santa Barbara
1208,Parque Santa Cecilia
1207,Parque Santa Cecilia (Cod Bai - 1
1218,Parque Santa Madalena
1222,Parque Santa Rita
1224,Parque Santana
1203,Parque Santo Amaro
1205,Parque Santo Antonio
1211,Parque Santo Eduardo
1209,Parque Savoi City
1225,Parque Sevilha
1226,Parque Sonia
1210,Parque São Domingos
1212,Parque São Joaquim
1213,Parque São Jorge
1214,Parque São Jose
1215,Parque São Lourenco
1216,Parque São Lucas
1217,Parque São Luis
1219,Parque São Miguel
1220,Parque São Paulo
1221,Parque São Rafael
1229,Parque Taipas
1230,Parque Tamari
1231,Parque Tiete
1228,Parque Tomas Saraiva
1232,Parque Universitario Espirita
1233,Parque Veloso
1234,Parque Veredas
1236,Parque Vila Maria
1237,Parque Vila Prudente
1235,Parque Vitoria
1169,Parque da Mooca
1130,Parque da Vila Prudente
1108,Parque das Arvores
1092,Parque das Cerejeiras
1131,Parque das Paineiras
1121,Parque do Carmo
1133,Parque do Castelo
1136,Parque do Engenho
1139,Parque do Estado
1158,Parque do Lago
1170,Parque do Morumbi
1179,Parque do Otero
1227,Parque do Terceiro Lago
1113,Parque dos Bancarios
1190,Parque dos Principes
1082,Pedreira
1068,Penha de Franca
1083,Perdizes
1084,Pereiras
1085,Perus
1086,Pinheiros
1087,Piqueri
1088,Pirajussara
1089,Piraporinha
1090,Pirituba
1069,Planalto Paulista
1091,Polvilho
1238,Ponte Pequena
1239,Ponte Rasa
1093,Praia Azul
1097,Praia Paulistinha
1094,Praia da Lagoa
1095,Praia do Leblon
1096,Praias Paulistanas
1070,Promorar Vila Maria
1099,Protendit
1240,Quarta Parada
1241,Quinta da Paineira
1248,Rancho Geraldo
1247,Rancho do Abilio
1246,Raposo Tavares
1243,Real Parque
1249,Recanto Ana Maria
1250,Recanto Campo Belo
1251,Recanto Marisa
1252,Recanto Monte Alegre
1253,Recanto Paraiso
1254,Recanto Santo Antonio
1256,Recanto Verde do Sol
1255,Recanto dos Sonhos
1257,Republica
1259,Residencial Borore
1260,Residencial Morumbi
1261,Residencial Sol Nascente
1262,Residencial Taipas
1258,Retiro Morumbi
1242,Rio Bonito
1245,Rio Pequeno
1244,Riviera Paulista
1263,Rolinopolis
1285,SE
1281,Sacoma
1265,Santa Amelia
1266,Santa Cecilia
1268,Santa Efigenia
1269,Santa Etelvina
1270,Santa Ines
1275,Santa Maria
1280,Santa Teresinha
1282,Santana
1264,Santo Amaro
1283,Sapopemba
1284,Saude
1277,Sete Praias
1286,Siciliano
1308,Socorro
1309,Sumare
1310,Sumarezinho
1278,Super Quadra Morumbi
1267,São Domingos
1271,São Joao Climaro
1272,São Judas
1273,São Lucas
1276,São Mateus
1274,São Miguel Paulista
1279,São Salvador
1287,Sítio Areiao
1289,Sítio Barrocada
1288,Sítio Boa Vista
1290,Sítio Botuquara
1291,Sítio Bufalo
1292,Sítio Canela Branca
1293,Sítio Caraguata
1294,Sítio Cocaia
1296,Sítio Itaberaba I
1297,Sítio Laredo
1299,Sítio Matsumura
1301,Sítio Morro Grande
1302,Sítio Pinheirinho
1304,Sítio Ponderosa
1305,Sítio Represa
1306,Sítio Tapera
1307,Sítio Vale Verde
1295,Sítio da Figueira
1298,Sítio do Mandaqui
1300,Sítio do Morro
1303,Sítio do Piqueri
1314,Taipas
1315,Tambore (Barueri)
1316,Tatuape
1313,Terceira DiviSão
1312,Terceira DiviSão de Interlagos
1317,Tremembe
1311,Tres Cruzes
1318,Tucuruvi
1319,Tuparacoera
1322,Umarizal
1321,Uniao da Vila Nova
1320,Usina Piratininga
1324,Valo Velho
1327,Veleiros
1335,Vila Abc
1336,Vila Acre
1337,Vila Adalgisa
1338,Vila Ademar
1331,Vila Agua Funda
1339,Vila Agueda
1340,Vila Aimore
1341,Vila Alabama
1342,Vila Alba
1343,Vila Albano
1344,Vila Albertina
1345,Vila Alexandria
1346,Vila Almeida
1347,Vila Alpina
1348,Vila Alteza
1349,Vila Alzira
1350,Vila Amalia
1351,Vila Amelia
1352,Vila America
1353,Vila Americana
1329,Vila Ana Claudia
1333,Vila Ana Rosa
1354,Vila Anadir
1355,Vila Analia
1330,Vila Analia Franco
1356,Vila Anastacio
1357,Vila Andes
1359,Vila Andrade
1361,Vila Angelica
1362,Vila Angelina
1328,Vila Anglo Brasileira
1363,Vila Anhanguera
1364,Vila Antonieta
1365,Vila Antonina
1366,Vila Antonio
1334,Vila Antonio dos Santos
1367,Vila Aparecida
1332,Vila Aparecida Ivone
1368,Vila Apoena
1369,Vila Araguaia
1370,Vila Arapua
1371,Vila Arcadia
1372,Vila Aricanduva
1373,Vila Ariete
1374,Vila Arruda
1375,Vila Augusto
1376,Vila Aurea
1377,Vila Aurora
1378,Vila Azevedo
1388,Vila Babilonia
1389,Vila Baby
1390,Vila Bancaria
1384,Vila Bancaria Munhoz
1391,Vila Bandeirantes
1392,Vila Barbara
1393,Vila Barbosa
1394,Vila Barreto
1395,Vila Baruel
1396,Vila Basileia
1397,Vila Bauab
1398,Vila Beatriz
1399,Vila Bela
1380,Vila Bela Alianca
1387,Vila Bela Vista
1386,Vila Bela do Sapopemba
1381,Vila Belo Horizonte
1401,Vila Bertioga
1402,Vila Bianca
1403,Vila Boacava
1382,Vila Bom Jardim
1404,Vila Bonilha
1385,Vila Bonilha Nova
1405,Vila Borges
1407,Vila Botoni
1408,Vila Bozzini
1409,Vila Brasil
1410,Vila Brasilandia
1411,Vila Brasilia
1412,Vila Brasilina
1383,Vila Brasilio Machado
1413,Vila Buarque
1379,Vila Buenos Aires
1414,Vila Buriti
1415,Vila Butanta
1425,Vila Cachoeira
1426,Vila Cachoeirinha
1427,Vila Caicara
1428,Vila Caiuba
1429,Vila Caju
1430,Vila California
1431,Vila Calu
1432,Vila Campanela
1433,Vila Campestre
1472,Vila Campo Grande
1434,Vila Canero
1435,Vila Capela
1436,Vila Caraguata
1437,Vila Carbone
1438,Vila Cardoso
1419,Vila Cardoso Franco
1439,Vila Carioca
1418,Vila Carlos de Campos
1440,Vila Carmem
1441,Vila Carmosina
1442,Vila Carolina
1443,Vila Carrao
1444,Vila Castelo
1445,Vila Castro
1446,Vila Catupia
1447,Vila Cavaton
1448,Vila Caxambu
1449,Vila Celeste
1450,Vila Centenario
1451,Vila Central
1452,Vila Chabilandia
1453,Vila Chalot
1454,Vila Charlote
1455,Vila Chavantes
1420,Vila Chica Luisa
1456,Vila Chuca
1457,Vila Cisper
1458,Vila Clara
1459,Vila Clarice
1460,Vila Claudia
1461,Vila Clelia
1462,Vila Clementino
1463,Vila Cleonice
1464,Vila Comercial
1465,Vila Conceicao
1423,Vila Conde do Pinhal
1466,Vila Congonhas
1467,Vila Constancia
1468,Vila Continental
1469,Vila Corberi
1470,Vila Cordeiro
1471,Vila Cosmopolita
1421,Vila Costa Melo
1473,Vila Cristalia
1416,Vila Cruz das Almas
1474,Vila Cruzeiro
1422,Vila Cruzeiro Novo
1417,Vila Cunha Bueno
1475,Vila Curuca
1424,Vila Curuca Velha
1485,Vila Dalila
1486,Vila Dalva
1487,Vila Damaceno
1477,Vila Danubio Azul
1488,Vila Darli
1489,Vila Deodoro
1490,Vila Dinorah
1491,Vila Dionisia
1492,Vila Diva
1481,Vila Divina Pastora
1479,Vila Dom Jose
1482,Vila Dom Pedro I
1483,Vila Dom Pedro II
1494,Vila Domitila
1476,Vila Dona Augusta
1480,Vila Dona Meta
1484,Vila Dona Sara
1495,Vila Dorna
1478,Vila Doutor Eiras
1496,Vila Duarte
1498,Vila Ede
1499,Vila Elba
1500,Vila Eliana
1497,Vila Elias Nigri
1501,Vila Elida
1502,Vila Eliete
1503,Vila Elisio
1504,Vila Elvira
1505,Vila Elze
1506,Vila Ema
1507,Vila Emir
1509,Vila Erna
1510,Vila Ernesto
1511,Vila Escolar
1512,Vila Esmeralda
1513,Vila Espanhola
1514,Vila Esperanca
1515,Vila Ester
1516,Vila Euthalia
1520,Vila Fachini
1521,Vila Fanton
1522,Vila Fatima
1523,Vila Fazzeoni
1524,Vila Feliz
1525,Vila Fernandes
1517,Vila Fiat Lux
1526,Vila Fidalgo
1519,Vila Fidelis Ribeiro
1518,Vila Firmiano Pinto
1527,Vila Flavia
1528,Vila Formosa
1529,Vila Franca
1530,Vila Franci
1531,Vila Francos
1532,Vila Friburgo
1533,Vila Frugoli
1534,Vila Fukuya
1536,Vila Gabriel
1537,Vila Gea
1538,Vila Germaine
1539,Vila Germinal
1540,Vila Gertrudes
1541,Vila Gil
1542,Vila Gilda
1543,Vila Giordano
1544,Vila Gomes
1535,Vila Gomes Cardim
1545,Vila Gouveia
1546,Vila Graciosa
1547,Vila Granada
1548,Vila Graziela
1549,Vila Guaca
1550,Vila Guacuri
1551,Vila Guaraciaba
1552,Vila Guarani
1553,Vila Guedes
1554,Vila Guilherme
1555,Vila Guilhermina
1556,Vila Gumercindo
1557,Vila Gustavo
1558,Vila Hadad
1559,Vila Hamburguesa
1560,Vila Hebe
1561,Vila Helena
1562,Vila Heliopolis
1563,Vila Herminia
1564,Vila Homero
1565,Vila Hungaresa
1568,Vila Icarai
1569,Vila Ida
1570,Vila Iguacu
1571,Vila Imperio
1572,Vila Inacio
1573,Vila Inah
1574,Vila Independencia
1575,Vila Indiana
1576,Vila Industrial
1577,Vila Inglesa
1578,Vila Invernada
1579,Vila Iorio
1580,Vila Ipojuca
1581,Vila Iracema
1582,Vila Irene
1566,Vila Irmaos Arnoni
1583,Vila Isa
1584,Vila Isabel
1585,Vila Isolina
1567,Vila Isolina Mazzei
1586,Vila Itaberaba
1587,Vila Itaim
1588,Vila Ivg
1589,Vila Ivone
1592,Vila Jacui
1593,Vila Jaguara
1594,Vila Jaguari
1595,Vila Jaragua
1596,Vila Jardim Zoologico
1597,Vila Joaniza
1590,Vila Joao Batista
1598,Vila Judith
1599,Vila Julio
1591,Vila Julio Cesar
1600,Vila Jurema
1601,Vila Jussara
1602,Vila Klaunig
1605,Vila Lageado
1606,Vila Lais
1604,Vila Lar Nacional
1607,Vila Leme
1608,Vila Leonor
1609,Vila Leopoldina
1610,Vila Libanesa
1611,Vila Lisboa
1612,Vila Liviero
1613,Vila Londrina
1614,Vila Lourdes
1615,Vila Lucia
1603,Vila Lucia Elvira
1625,Vila Macedopolis
1626,Vila Madalena
1627,Vila Mafra
1628,Vila Malvina
1629,Vila Mangalot
1630,Vila Mara
1631,Vila Maracana
1632,Vila Marari
1633,Vila Marcelo
1634,Vila Marconi
1635,Vila Margareth
1636,Vila Margarida
1637,Vila Maria
1616,Vila Maria Alta
1617,Vila Maria Augusta
1618,Vila Maria Baixa
1619,Vila Maria Eugenia
1620,Vila Maria Luisa
1622,Vila Maria Trindade
1624,Vila Maria Zelia
1638,Vila Mariana
1639,Vila Marieta
1640,Vila Marilena
1641,Vila Marina
1642,Vila Maringa
1621,Vila Mariza Mazzei
1643,Vila Marte
1644,Vila Mascote
1645,Vila Matias
1646,Vila Matilde
1647,Vila Mazzei
1648,Vila Medeiros
1649,Vila Mendes
1650,Vila Mercedes
1652,Vila Mesquita
1653,Vila Miami
1654,Vila Michelina
1656,Vila Minerva
1657,Vila Mira
1658,Vila Mirante
1659,Vila Miriam
1660,Vila Mirim
1661,Vila Missionaria
1662,Vila Moderna
1623,Vila Moinho Velho
1670,Vila Monte Alegre
1671,Vila Monte Santo
1663,Vila Monumento
1664,Vila Moraes
1665,Vila Moreira
1666,Vila Morgadouro
1669,Vila Morro Grande
1667,Vila Morse
1668,Vila Morumbi
1698,Vila Nair
1699,Vila Nancy
1700,Vila Nascente
1701,Vila Natal
1702,Vila Natalia
1703,Vila Neila
1704,Vila Nelson
1705,Vila Nhocune
1706,Vila Nilo
1707,Vila Nilva
1708,Vila Nina
1683,Vila Nitro Operaria
1687,Vila Nitro Quimica
1709,Vila Nivi
1710,Vila Noca
1711,Vila Nogueira
1712,Vila Norma
1688,Vila Nossa Senhora Aparecida
1689,Vila Nossa Senhora da Conceicao
1690,Vila Nossa Senhora do Libano
1692,Vila Nossa Senhora do Retiro
1713,Vila Nova
1672,Vila Nova Alba
1674,Vila Nova Cachoeirinha
1675,Vila Nova Caledonia
1676,Vila Nova Carolina
1677,Vila Nova Conceicao
1678,Vila Nova Curuca
1679,Vila Nova Galvao
1680,Vila Nova Jaragua
1681,Vila Nova Manchester
1682,Vila Nova Mazzei
1684,Vila Nova Pauliceia
1685,Vila Nova Perus
1686,Vila Nova Pirajussara
1693,Vila Nova Savoia
1691,Vila Nova São Miguel
1694,Vila Nova Teresa
1695,Vila Nova Uniao
1696,Vila Nova Utinga
1697,Vila Nova York
1673,Vila Nova das Belezas
1714,Vila Odete
1715,Vila Olga
1716,Vila Olimpia
1717,Vila Olinda
1718,Vila Oratorio
1725,Vila Paiva
1727,Vila Palmeiras
1728,Vila Paranagua
1758,Vila Parque Jabaquara
1729,Vila Patrimonial
1730,Vila Pauliceia
1731,Vila Paulina
1732,Vila Paulista
1745,Vila Paulistana
1746,Vila Paulistania
1724,Vila Paulo Silas
1720,Vila Pedra Branca
1734,Vila Pedroso
1735,Vila Penteado
1719,Vila Pereira Barreto
1721,Vila Pereira Cerca
1736,Vila Perus
1737,Vila Piaui
1738,Vila Picinin
1739,Vila Pierina
1740,Vila Piracicaba
1741,Vila Pirajussara
1742,Vila Pirituba
1743,Vila Pita
1744,Vila Plana
1747,Vila Polopoli
1748,Vila Pompeia
1760,Vila Ponte Rasa
1749,Vila Popular
1750,Vila Portugal
1751,Vila Portuguesa
1752,Vila Prado
1753,Vila Praia
1754,Vila Prel
1755,Vila Primavera
1723,Vila Primeiro de Outubro
1722,Vila Princesa Isabel
1756,Vila Progredior
1757,Vila Progresso
1759,Vila Prudente
1761,Vila Quarto Centenario
1762,Vila Quintana
1769,Vila Ramos
1763,Vila Rancho Alegre
1770,Vila Raquel
1771,Vila Re
1767,Vila Regente Feijo
1772,Vila Regina
1773,Vila Reis
1775,Vila Remo
1776,Vila Renato
1777,Vila Represa
1765,Vila Ribeiro de Barros
1778,Vila Rica
1766,Vila Rio Branco
1779,Vila Robertina
1780,Vila Rodrigues
1781,Vila Romana
1782,Vila Romano
1783,Vila Romero
1784,Vila Roque
1768,Vila Rosa Molla
1785,Vila Rosaria
1786,Vila Roschel
1787,Vila Rosina
1788,Vila Rubi
1764,Vila Rui Barbosa
1822,Vila Sabrina
1823,Vila Salete
1824,Vila Sampaio
1791,Vila Santa Catarina
1792,Vila Santa Clara
1793,Vila Santa Cruz
1794,Vila Santa Delfina
1797,Vila Santa Edwiges
1800,Vila Santa Eulalia
1804,Vila Santa Ines
1805,Vila Santa Isabel
1808,Vila Santa Lucia
1810,Vila Santa Maria
1817,Vila Santa Teresa
1818,Vila Santa Teresinha
1819,Vila Santa Terezinha
1821,Vila Santa Virginia
1825,Vila Santana
1826,Vila Santista
1789,Vila Santo Antonio
1798,Vila Santo Estefano
1796,Vila Santo Estevam Reis
1799,Vila Santo Estevao
1803,Vila Santo Henrique
1827,Vila Santos
1828,Vila Sapopemba
1829,Vila Sara
1831,Vila Savoy
1832,Vila Seabra
1833,Vila Sergio
1834,Vila Serralheiro
1816,Vila Silva Teles
1835,Vila Silveira
1836,Vila Silvia
1837,Vila Simone
1838,Vila Sinha
1839,Vila Siqueira
1840,Vila Sirene
1841,Vila Siria
1842,Vila Socorro
1843,Vila Sofia
1844,Vila Sol
1845,Vila Solange
1846,Vila Sonia
1847,Vila Souza
1848,Vila Stela
1849,Vila Suica
1850,Vila Sulina
1851,Vila Suzana
1790,Vila São Camilo
1795,Vila São Domingos
1801,Vila São Francisco
1802,Vila São Geraldo
1806,Vila São Jose
1807,Vila São Judas
1809,Vila São Luis
1811,Vila São Nicolau
1812,Vila São Paulo
1813,Vila São Pedro
1814,Vila São Sebastiao
1815,Vila São Silvestre
1820,Vila São Vicente
1852,Vila Taiau
1853,Vila Talarico
1854,Vila Taquari
1855,Vila Teresinha
1856,Vila Tiradentes
1857,Vila Tolstoi
1858,Vila Tramontano
1859,Vila Uberabinha
1860,Vila Uniao
1861,Vila Universitaria
1862,Vila Ursulina
1864,Vila Valdemar
1865,Vila Vasconcelos
1866,Vila Vera
1867,Vila Verde
1868,Vila Vermelha
1869,Vila Vessoni
1870,Vila Virginia
1871,Vila Vitoria
1863,Vila Vitorio Mazzei
1872,Vila Yara
1873,Vila Yolanda
1874,Vila Zat
1875,Vila Zefira
1876,Vila Zelina
1877,Vila Zilda
1878,Vila Zulmira
1733,Vila da Paz
1830,Vila da Saude
1400,Vila das Belezas
1651,Vila das Merces
1406,Vila do Bosque
1493,Vila do Castelo
1508,Vila do Encontro
1358,Vila dos Andradas
1360,Vila dos Andrades
1655,Vila dos Minerios
1726,Vila dos Palmares
1774,Vila dos Remedios
1323,Vista Alegre
1325,Várzea da Barra Funda
1326,Várzea de Baixo
