cnae_1,descricao,grupo,descricao_grupo,divisao,descricao_divisao,secao,descricao_secao
01155,Cultivo de soja,01.1,Produção de lavouras temporárias,01,"Agricultura, pecuária e serviços relacionados",A,"Agricultura, pecuária, silvicultura e exploração florestal"
01147,Cultivo de fumo,01.1,Produção de lavouras temporárias,01,"Agricultura, pecuária e serviços relacionados",A,"Agricultura, pecuária, silvicultura e exploração florestal"
01112,Cultivo de cereais para grãos,01.1,Produção de lavouras temporárias,01,"Agricultura, pecuária e serviços relacionados",A,"Agricultura, pecuária, silvicultura e exploração florestal"
01120,Cultivo de algodão herbáceo,01.1,Produção de lavouras temporárias,01,"Agricultura, pecuária e serviços relacionados",A,"Agricultura, pecuária, silvicultura e exploração florestal"
01198,Cultivo de outros produtos de lavoura temporária,01.1,Produção de lavouras temporárias,01,"Agricultura, pecuária e serviços relacionados",A,"Agricultura, pecuária, silvicultura e exploração florestal"
01139,Cultivo de cana-de açúcar,01.1,Produção de lavouras temporárias,01,"Agricultura, pecuária e serviços relacionados",A,"Agricultura, pecuária, silvicultura e exploração florestal"
01228,"Cultivo de flores, plantas ornamentais e produtos de viveiro",01.2,Horticultura e produtos de viveiro,01,"Agricultura, pecuária e serviços relacionados",A,"Agricultura, pecuária, silvicultura e exploração florestal"
01210,"Cultivo de hortaliças, legumes e outros produtos da horticultura",01.2,Horticultura e produtos de viveiro,01,"Agricultura, pecuária e serviços relacionados",A,"Agricultura, pecuária, silvicultura e exploração florestal"
01392,Cultivo de outros produtos de lavoura permanente,01.3,Produção de lavouras permanentes,01,"Agricultura, pecuária e serviços relacionados",A,"Agricultura, pecuária, silvicultura e exploração florestal"
01341,Cultivo de uva,01.3,Produção de lavouras permanentes,01,"Agricultura, pecuária e serviços relacionados",A,"Agricultura, pecuária, silvicultura e exploração florestal"
01317,Cultivo de frutas cítricas,01.3,Produção de lavouras permanentes,01,"Agricultura, pecuária e serviços relacionados",A,"Agricultura, pecuária, silvicultura e exploração florestal"
01325,Cultivo de café,01.3,Produção de lavouras permanentes,01,"Agricultura, pecuária e serviços relacionados",A,"Agricultura, pecuária, silvicultura e exploração florestal"
01333,Cultivo de cacau,01.3,Produção de lavouras permanentes,01,"Agricultura, pecuária e serviços relacionados",A,"Agricultura, pecuária, silvicultura e exploração florestal"
01449,Criação de suínos,01.4,Pecuária,01,"Agricultura, pecuária e serviços relacionados",A,"Agricultura, pecuária, silvicultura e exploração florestal"
01422,Criação de outros animais de grande porte,01.4,Pecuária,01,"Agricultura, pecuária e serviços relacionados",A,"Agricultura, pecuária, silvicultura e exploração florestal"
01457,Criação de aves,01.4,Pecuária,01,"Agricultura, pecuária e serviços relacionados",A,"Agricultura, pecuária, silvicultura e exploração florestal"
01465,Criação de outros animais,01.4,Pecuária,01,"Agricultura, pecuária e serviços relacionados",A,"Agricultura, pecuária, silvicultura e exploração florestal"
01414,Criação de bovinos,01.4,Pecuária,01,"Agricultura, pecuária e serviços relacionados",A,"Agricultura, pecuária, silvicultura e exploração florestal"
01430,Criação de ovinos,01.4,Pecuária,01,"Agricultura, pecuária e serviços relacionados",A,"Agricultura, pecuária, silvicultura e exploração florestal"
01503,Produção mista: lavoura e pecuária,01.5,Produção mista: lavoura e pecuária,01,"Agricultura, pecuária e serviços relacionados",A,"Agricultura, pecuária, silvicultura e exploração florestal"
01627,"Atividades de serviços relacionados com a pecuária, exceto atividades veterinárias",01.6,"Atividades de serviços relacionados com a agricultura e a pecuária, exceto atividades veterinárias",01,"Agricultura, pecuária e serviços relacionados",A,"Agricultura, pecuária, silvicultura e exploração florestal"
01619,Atividades de serviços relacionados com a agricultura,01.6,"Atividades de serviços relacionados com a agricultura e a pecuária, exceto atividades veterinárias",01,"Agricultura, pecuária e serviços relacionados",A,"Agricultura, pecuária, silvicultura e exploração florestal"
01708,"Caça, repovoamento cinegético e serviços relacionados",01.7,"Caça, repovoamento cinegético e serviços relacionados",01,"Agricultura, pecuária e serviços relacionados",A,"Agricultura, pecuária, silvicultura e exploração florestal"
02127,Exploração florestal,02.1,"Silvicultura, exploração florestal e serviços relacionados",02,"Silvicultura, exploração florestal e serviços relacionados",A,"Agricultura, pecuária, silvicultura e exploração florestal"
02135,Atividades de serviços relacionados com a silvicultura e a exploração florestal,02.1,"Silvicultura, exploração florestal e serviços relacionados",02,"Silvicultura, exploração florestal e serviços relacionados",A,"Agricultura, pecuária, silvicultura e exploração florestal"
02119,Silvicultura,02.1,"Silvicultura, exploração florestal e serviços relacionados",02,"Silvicultura, exploração florestal e serviços relacionados",A,"Agricultura, pecuária, silvicultura e exploração florestal"
05118,Pesca e serviços relacionados,05.1,"Pesca, aqüicultura e serviços relacionados",05,"Pesca, aqüicultura e serviços relacionados",B,Pesca
05126,Aqüicultura e serviços relacionados,05.1,"Pesca, aqüicultura e serviços relacionados",05,"Pesca, aqüicultura e serviços relacionados",B,Pesca
10006,Extração de carvão mineral,10.0,Extração de carvão mineral,10,Extração de carvão mineral,C,Indústrias extrativas
11100,Extração de petróleo e gás natural,11.1,Extração de petróleo e gás natural,11,Extração de petróleo e serviços relacionados,C,Indústrias extrativas
11207,Atividades de serviços relacionados com a extração de petróleo e gás - exceto a prospecção realizada por terceiros,11.2,Atividades de serviços relacionados com a extração de petróleo e gás - exceto a prospecção realizada por terceiros,11,Extração de petróleo e serviços relacionados,C,Indústrias extrativas
13102,Extração de minério de ferro,13.1,Extração de minério de ferro,13,Extração de minerais metálicos,C,Indústrias extrativas
13242,Extração de minério de metais preciosos,13.2,Extração de minerais metálicos não-ferrosos,13,Extração de minerais metálicos,C,Indústrias extrativas
13293,Extração de outros minerais metálicos não-ferrosos,13.2,Extração de minerais metálicos não-ferrosos,13,Extração de minerais metálicos,C,Indústrias extrativas
13218,Extração de minério de alumínio,13.2,Extração de minerais metálicos não-ferrosos,13,Extração de minerais metálicos,C,Indústrias extrativas
13250,Extração de minerais radioativos,13.2,Extração de minerais metálicos não-ferrosos,13,Extração de minerais metálicos,C,Indústrias extrativas
13234,Extração de minério de manganês,13.2,Extração de minerais metálicos não-ferrosos,13,Extração de minerais metálicos,C,Indústrias extrativas
13226,Extração de minério de estanho,13.2,Extração de minerais metálicos não-ferrosos,13,Extração de minerais metálicos,C,Indústrias extrativas
14109,"Extração de pedra, areia e argila",14.1,"Extração de pedra, areia e argila",14,Extração de minerais não-metálicos,C,Indústrias extrativas
14222,Extração e refino de sal marinho e sal-gema,14.2,Extração de outros minerais não-metálicos,14,Extração de minerais não-metálicos,C,Indústrias extrativas
14290,Extração de outros minerais não-metálicos,14.2,Extração de outros minerais não-metálicos,14,Extração de minerais não-metálicos,C,Indústrias extrativas
14214,"Extração de minerais para fabricação de adubos, fertilizantes e produtos químicos",14.2,Extração de outros minerais não-metálicos,14,Extração de minerais não-metálicos,C,Indústrias extrativas
15130,"Preparação de carne, banha e produtos de salsicharia não associada ao abate",15.1,Abate e preparação de produtos de carne e de pescado,15,Fabricação de produtos alimentícios e bebidas,D,Indústrias de transformação
15148,"Preparação e preservação do pescado e fabricação de conservas de peixes, crustáceos e moluscos",15.1,Abate e preparação de produtos de carne e de pescado,15,Fabricação de produtos alimentícios e bebidas,D,Indústrias de transformação
15113,"Abate de reses, preparação de produtos de carne",15.1,Abate e preparação de produtos de carne e de pescado,15,Fabricação de produtos alimentícios e bebidas,D,Indústrias de transformação
15121,Abate de aves e outros pequenos animais e preparação de produtos de carne,15.1,Abate e preparação de produtos de carne e de pescado,15,Fabricação de produtos alimentícios e bebidas,D,Indústrias de transformação
15210,"Processamento, preservação e produção de conservas de frutas",15.2,"Processamento, preservação e produção de conservas de frutas, legumes e outros vegetais",15,Fabricação de produtos alimentícios e bebidas,D,Indústrias de transformação
15229,"Processamento, preservação e produção de conservas de legumes e outros vegetais",15.2,"Processamento, preservação e produção de conservas de frutas, legumes e outros vegetais",15,Fabricação de produtos alimentícios e bebidas,D,Indústrias de transformação
15237,Produção de sucos de frutas e de legumes,15.2,"Processamento, preservação e produção de conservas de frutas, legumes e outros vegetais",15,Fabricação de produtos alimentícios e bebidas,D,Indústrias de transformação
15318,Produção de óleos vegetais em bruto,15.3,Produção de óleos e gorduras vegetais e animais,15,Fabricação de produtos alimentícios e bebidas,D,Indústrias de transformação
15326,Refino de óleos vegetais,15.3,Produção de óleos e gorduras vegetais e animais,15,Fabricação de produtos alimentícios e bebidas,D,Indústrias de transformação
15334,Preparação de margarina e de outras gorduras vegetais e de óleos de origem animal não comestíveis,15.3,Produção de óleos e gorduras vegetais e animais,15,Fabricação de produtos alimentícios e bebidas,D,Indústrias de transformação
15431,Fabricação de sorvetes,15.4,Laticínios,15,Fabricação de produtos alimentícios e bebidas,D,Indústrias de transformação
15423,Fabricação de produtos do laticínio,15.4,Laticínios,15,Fabricação de produtos alimentícios e bebidas,D,Indústrias de transformação
15415,Preparação do leite,15.4,Laticínios,15,Fabricação de produtos alimentícios e bebidas,D,Indústrias de transformação
15598,"Beneficiamento, moagem e preparação de outros produtos de origem vegetal",15.5,"Moagem, fabricação de produtos amiláceos e de rações balanceadas para animais",15,Fabricação de produtos alimentícios e bebidas,D,Indústrias de transformação
15539,Fabricação de farinha de mandioca e derivados,15.5,"Moagem, fabricação de produtos amiláceos e de rações balanceadas para animais",15,Fabricação de produtos alimentícios e bebidas,D,Indústrias de transformação
15563,Fabricação de rações balanceadas para animais,15.5,"Moagem, fabricação de produtos amiláceos e de rações balanceadas para animais",15,Fabricação de produtos alimentícios e bebidas,D,Indústrias de transformação
15520,Moagem de trigo e fabricação de derivados,15.5,"Moagem, fabricação de produtos amiláceos e de rações balanceadas para animais",15,Fabricação de produtos alimentícios e bebidas,D,Indústrias de transformação
15512,Beneficiamento de arroz e fabricação de produtos do arroz,15.5,"Moagem, fabricação de produtos amiláceos e de rações balanceadas para animais",15,Fabricação de produtos alimentícios e bebidas,D,Indústrias de transformação
15555,Fabricação de amidos e féculas de vegetais e fabricação de óleos de milho,15.5,"Moagem, fabricação de produtos amiláceos e de rações balanceadas para animais",15,Fabricação de produtos alimentícios e bebidas,D,Indústrias de transformação
15547,Fabricação de farinha de milho e derivados,15.5,"Moagem, fabricação de produtos amiláceos e de rações balanceadas para animais",15,Fabricação de produtos alimentícios e bebidas,D,Indústrias de transformação
15610,Usinas de açúcar,15.6,Fabricação e refino de açúcar,15,Fabricação de produtos alimentícios e bebidas,D,Indústrias de transformação
15628,Refino e moagem de açúcar,15.6,Fabricação e refino de açúcar,15,Fabricação de produtos alimentícios e bebidas,D,Indústrias de transformação
15717,Torrefação e moagem de café,15.7,Torrefação e moagem de café,15,Fabricação de produtos alimentícios e bebidas,D,Indústrias de transformação
15725,Fabricação de café solúvel,15.7,Torrefação e moagem de café,15,Fabricação de produtos alimentícios e bebidas,D,Indústrias de transformação
15849,Fabricação de massas alimentícias,15.8,Fabricação de outros produtos alimentícios,15,Fabricação de produtos alimentícios e bebidas,D,Indústrias de transformação
15857,"Preparação de especiarias, molhos, temperos e condimentos",15.8,Fabricação de outros produtos alimentícios,15,Fabricação de produtos alimentícios e bebidas,D,Indústrias de transformação
15890,Fabricação de outros produtos alimentícios,15.8,Fabricação de outros produtos alimentícios,15,Fabricação de produtos alimentícios e bebidas,D,Indústrias de transformação
15822,Fabricação de biscoitos e bolachas,15.8,Fabricação de outros produtos alimentícios,15,Fabricação de produtos alimentícios e bebidas,D,Indústrias de transformação
15830,"Produção de derivados do cacau e elaboração de chocolates, balas, gomas de mascar",15.8,Fabricação de outros produtos alimentícios,15,Fabricação de produtos alimentícios e bebidas,D,Indústrias de transformação
15865,"Preparação de produtos dietéticos, alimentos para crianças e outros alimentos conservados",15.8,Fabricação de outros produtos alimentícios,15,Fabricação de produtos alimentícios e bebidas,D,Indústrias de transformação
15814,"Fabricação de produtos de padaria, confeitaria e pastelaria",15.8,Fabricação de outros produtos alimentícios,15,Fabricação de produtos alimentícios e bebidas,D,Indústrias de transformação
15920,Fabricação de vinho,15.9,Fabricação de bebidas,15,Fabricação de produtos alimentícios e bebidas,D,Indústrias de transformação
15946,Engarrafamento e gaseificação de águas minerais,15.9,Fabricação de bebidas,15,Fabricação de produtos alimentícios e bebidas,D,Indústrias de transformação
15954,Fabricação de refrigerantes e refrescos,15.9,Fabricação de bebidas,15,Fabricação de produtos alimentícios e bebidas,D,Indústrias de transformação
15911,"Fabricação, retificação, homogeneização e mistura de aguardentes e outras bebidas destiladas",15.9,Fabricação de bebidas,15,Fabricação de produtos alimentícios e bebidas,D,Indústrias de transformação
15938,"Fabricação de malte, cervejas e chopes",15.9,Fabricação de bebidas,15,Fabricação de produtos alimentícios e bebidas,D,Indústrias de transformação
16004,Fabricação de produtos do fumo,16.0,Fabricação de produtos do fumo,16,Fabricação de produtos do fumo,D,Indústrias de transformação
17116,Beneficiamento de algodão,17.1,Beneficiamento de fibras têxteis naturais,17,Fabricação de produtos têxteis,D,Indústrias de transformação
17191,Beneficiamento de outras fibras têxteis naturais,17.1,Beneficiamento de fibras têxteis naturais,17,Fabricação de produtos têxteis,D,Indústrias de transformação
17221,"Fiação de fibras têxteis naturais, exceto algodão",17.2,Fiação,17,Fabricação de produtos têxteis,D,Indústrias de transformação
17248,Fabricação de linhas e fios para costurar e bordar,17.2,Fiação,17,Fabricação de produtos têxteis,D,Indústrias de transformação
17230,Fiação de fibras artificiais ou sintéticas,17.2,Fiação,17,Fabricação de produtos têxteis,D,Indústrias de transformação
17213,Fiação de algodão,17.2,Fiação,17,Fabricação de produtos têxteis,D,Indústrias de transformação
17329,"Tecelagem de fios de fibras têxteis naturais, exceto algodão",17.3,Tecelagem - inclusive fiação e tecelagem,17,Fabricação de produtos têxteis,D,Indústrias de transformação
17337,Tecelagem de fios e filamentos contínuos artificiais ou sintéticos,17.3,Tecelagem - inclusive fiação e tecelagem,17,Fabricação de produtos têxteis,D,Indústrias de transformação
17310,Tecelagem de algodão,17.3,Tecelagem - inclusive fiação e tecelagem,17,Fabricação de produtos têxteis,D,Indústrias de transformação
17493,"Fabricação de outros artefatos têxteis, incluindo tecelagem",17.4,"Fabricação de artefatos têxteis, incluindo tecelagem",17,Fabricação de produtos têxteis,D,Indústrias de transformação
17418,"Fabricação de artigos de tecido de uso doméstico, incluindo tecelagem",17.4,"Fabricação de artefatos têxteis, incluindo tecelagem",17,Fabricação de produtos têxteis,D,Indústrias de transformação
17507,"Acabamentos em fios, tecidos e artigos têxteis, por terceiros",17.5,"Acabamentos em fios, tecidos e artigos têxteis, por terceiros",17,Fabricação de produtos têxteis,D,Indústrias de transformação
17612,Fabricação de artefatos têxteis a partir de tecidos – exceto vestuário,17.6,Fabricação de artefatos têxteis a partir de tecidos - exceto vestuário - e de outros artigos têxteis,17,Fabricação de produtos têxteis,D,Indústrias de transformação
17698,Fabricação de outros artigos têxteis - exceto vestuário,17.6,Fabricação de artefatos têxteis a partir de tecidos - exceto vestuário - e de outros artigos têxteis,17,Fabricação de produtos têxteis,D,Indústrias de transformação
17639,Fabricação de artefatos de cordoaria,17.6,Fabricação de artefatos têxteis a partir de tecidos - exceto vestuário - e de outros artigos têxteis,17,Fabricação de produtos têxteis,D,Indústrias de transformação
17647,Fabricação de tecidos especiais - inclusive artefatos,17.6,Fabricação de artefatos têxteis a partir de tecidos - exceto vestuário - e de outros artigos têxteis,17,Fabricação de produtos têxteis,D,Indústrias de transformação
17620,Fabricação de artefatos de tapeçaria,17.6,Fabricação de artefatos têxteis a partir de tecidos - exceto vestuário - e de outros artigos têxteis,17,Fabricação de produtos têxteis,D,Indústrias de transformação
17795,Fabricação de outros artigos do vestuário produzidos em malharias (tricotagens),17.7,Fabricação de tecidos e artigos de malha,17,Fabricação de produtos têxteis,D,Indústrias de transformação
17710,Fabricação de tecidos de malha,17.7,Fabricação de tecidos e artigos de malha,17,Fabricação de produtos têxteis,D,Indústrias de transformação
17728,Fabricação de meias,17.7,Fabricação de tecidos e artigos de malha,17,Fabricação de produtos têxteis,D,Indústrias de transformação
18120,"Confecção de peças do vestuário - exceto roupas íntimas, blusas, camisas e semelhantes",18.1,Confecção de artigos do vestuário,18,Confecção de artigos do vestuário e acessórios,D,Indústrias de transformação
18112,"Confecção de roupas íntimas, blusas, camisas e semelhantes",18.1,Confecção de artigos do vestuário,18,Confecção de artigos do vestuário e acessórios,D,Indústrias de transformação
18139,Confecção de roupas profissionais,18.1,Confecção de artigos do vestuário,18,Confecção de artigos do vestuário e acessórios,D,Indústrias de transformação
18210,Fabricação de acessórios do vestuário,18.2,Fabricação de acessórios do vestuário e de segurança profissional,18,Confecção de artigos do vestuário e acessórios,D,Indústrias de transformação
18228,Fabricação de acessórios para segurança industrial e pessoal,18.2,Fabricação de acessórios do vestuário e de segurança profissional,18,Confecção de artigos do vestuário e acessórios,D,Indústrias de transformação
19100,Curtimento e outras preparações de couro,19.1,Curtimento e outras preparações de couro,19,"Preparação de couros e fabricação de artefatos de couro, artigos de viagem e calçados",D,Indústrias de transformação
19216,"Fabricação de malas, bolsas, valises e outros artefatos para viagem, de qualquer material",19.2,Fabricação de artigos para viagem e de artefatos diversos de couro,19,"Preparação de couros e fabricação de artefatos de couro, artigos de viagem e calçados",D,Indústrias de transformação
19291,Fabricação de outros artefatos de couro,19.2,Fabricação de artigos para viagem e de artefatos diversos de couro,19,"Preparação de couros e fabricação de artefatos de couro, artigos de viagem e calçados",D,Indústrias de transformação
19399,Fabricação de calçados de outros materiais,19.3,Fabricação de calçados,19,"Preparação de couros e fabricação de artefatos de couro, artigos de viagem e calçados",D,Indústrias de transformação
19321,Fabricação de tênis de qualquer material,19.3,Fabricação de calçados,19,"Preparação de couros e fabricação de artefatos de couro, artigos de viagem e calçados",D,Indústrias de transformação
19313,Fabricação de calçados de couro,19.3,Fabricação de calçados,19,"Preparação de couros e fabricação de artefatos de couro, artigos de viagem e calçados",D,Indústrias de transformação
19330,Fabricação de calçados de plástico,19.3,Fabricação de calçados,19,"Preparação de couros e fabricação de artefatos de couro, artigos de viagem e calçados",D,Indústrias de transformação
20109,Desdobramento de madeira,20.1,Desdobramento de madeira,20,Fabricação de produtos de madeira,D,Indústrias de transformação
20214,"Fabricação de madeira laminada e de chapas de madeira compensada, prensada ou aglomerada",20.2,"Fabricação de produtos de madeira, cortiça e material trançado - exceto móveis",20,Fabricação de produtos de madeira,D,Indústrias de transformação
20290,"Fabricação de artefatos diversos de madeira, palha, cortiça e material trançado - exceto móveis",20.2,"Fabricação de produtos de madeira, cortiça e material trançado - exceto móveis",20,Fabricação de produtos de madeira,D,Indústrias de transformação
20222,"Fabricação de esquadrias de madeira, de casas de madeira pré-fabricadas, de estruturas de madeira e artigos de carpintaria",20.2,"Fabricação de produtos de madeira, cortiça e material trançado - exceto móveis",20,Fabricação de produtos de madeira,D,Indústrias de transformação
20230,Fabricação de artefatos de tanoaria e embalagens de madeira,20.2,"Fabricação de produtos de madeira, cortiça e material trançado - exceto móveis",20,Fabricação de produtos de madeira,D,Indústrias de transformação
21105,Fabricação de celulose e outras pastas para a fabricação de papel,21.1,Fabricação de celulose e outras pastas para a fabricação de papel,21,"Fabricação de celulose, papel e produtos de papel",D,Indústrias de transformação
21210,Fabricação de papel,21.2,"Fabricação de papel, papelão liso, cartolina e cartão",21,"Fabricação de celulose, papel e produtos de papel",D,Indústrias de transformação
21229,"Fabricação de papelão liso, cartolina e cartão",21.2,"Fabricação de papel, papelão liso, cartolina e cartão",21,"Fabricação de celulose, papel e produtos de papel",D,Indústrias de transformação
21318,Fabricação de embalagens de papel,21.3,Fabricação de embalagens de papel ou papelão,21,"Fabricação de celulose, papel e produtos de papel",D,Indústrias de transformação
21326,Fabricação de embalagens de papelão - inclusive a fabricação de papelão corrugado,21.3,Fabricação de embalagens de papel ou papelão,21,"Fabricação de celulose, papel e produtos de papel",D,Indústrias de transformação
21490,"Fabricação de outros artefatos de pastas, papel, papelão, cartolina e cartão",21.4,"Fabricação de artefatos diversos de papel, papelão, cartolina e cartão",21,"Fabricação de celulose, papel e produtos de papel",D,Indústrias de transformação
21415,"Fabricação de artefatos de papel, papelão, cartolina e cartão para escritório",21.4,"Fabricação de artefatos diversos de papel, papelão, cartolina e cartão",21,"Fabricação de celulose, papel e produtos de papel",D,Indústrias de transformação
21423,Fabricação de fitas e formulários contínuos - impressos ou não,21.4,"Fabricação de artefatos diversos de papel, papelão, cartolina e cartão",21,"Fabricação de celulose, papel e produtos de papel",D,Indústrias de transformação
22187,Edição e impressão de revistas,22.1,Edição; edição e impressão,22,"Edição, impressão e reprodução de gravações",D,Indústrias de transformação
22160,Edição e impressão de livros,22.1,Edição; edição e impressão,22,"Edição, impressão e reprodução de gravações",D,Indústrias de transformação
22152,"Edição de livros, revistas e jornais",22.1,Edição; edição e impressão,22,"Edição, impressão e reprodução de gravações",D,Indústrias de transformação
22195,Edição; edição e impressão de outros produtos gráficos,22.1,Edição; edição e impressão,22,"Edição, impressão e reprodução de gravações",D,Indústrias de transformação
22144,"Edição de discos, fitas e outros materiais gravados",22.1,Edição; edição e impressão,22,"Edição, impressão e reprodução de gravações",D,Indústrias de transformação
22179,Edição e impressão de jornais,22.1,Edição; edição e impressão,22,"Edição, impressão e reprodução de gravações",D,Indústrias de transformação
22225,Impressão de material escolar e de material para usos industrial e comercial,22.2,Impressão e serviços conexos para terceiros,22,"Edição, impressão e reprodução de gravações",D,Indústrias de transformação
22217,"Impressão de jornais, revistas e livros",22.2,Impressão e serviços conexos para terceiros,22,"Edição, impressão e reprodução de gravações",D,Indústrias de transformação
22292 ,Execução de outros serviços gráficos,22.2,Impressão e serviços conexos para terceiros,22,"Edição, impressão e reprodução de gravações",D,Indústrias de transformação
22314,Reprodução de discos e fitas,22.3,Reprodução de materiais gravados,22,"Edição, impressão e reprodução de gravações",D,Indústrias de transformação
22322,Reprodução de fitas de vídeos,22.3,Reprodução de materiais gravados,22,"Edição, impressão e reprodução de gravações",D,Indústrias de transformação
22349,Reprodução de softwares em disquetes e fitas,22.3,Reprodução de materiais gravados,22,"Edição, impressão e reprodução de gravações",D,Indústrias de transformação
23108,Coquerias,23.1,Coquerias,23,"Fabricação de coque, refino de petróleo, elaboração de combustíveis nucleares e produção de álcool",D,Indústrias de transformação
23213,Refino de petróleo,23.2,Fabricação de produtos derivados do petróleo,23,"Fabricação de coque, refino de petróleo, elaboração de combustíveis nucleares e produção de álcool",D,Indústrias de transformação
23299,Outras formas de produção de derivados do petróleo,23.2,Fabricação de produtos derivados do petróleo,23,"Fabricação de coque, refino de petróleo, elaboração de combustíveis nucleares e produção de álcool",D,Indústrias de transformação
23302,Elaboração de combustíveis nucleares,23.3,Elaboração de combustíveis nucleares,23,"Fabricação de coque, refino de petróleo, elaboração de combustíveis nucleares e produção de álcool",D,Indústrias de transformação
23400,Produção de álcool,23.4,Produção de álcool,23,"Fabricação de coque, refino de petróleo, elaboração de combustíveis nucleares e produção de álcool",D,Indústrias de transformação
24139,"Fabricação de fertilizantes fosfatados, nitrogenados e potássicos",24.1,Fabricação de produtos químicos inorgânicos,24,Fabricação de produtos químicos,D,Indústrias de transformação
24120,Fabricação de intermediários para fertilizantes,24.1,Fabricação de produtos químicos inorgânicos,24,Fabricação de produtos químicos,D,Indústrias de transformação
24198,Fabricação de outros produtos inorgânicos,24.1,Fabricação de produtos químicos inorgânicos,24,Fabricação de produtos químicos,D,Indústrias de transformação
24112,Fabricação de cloro e álcalis,24.1,Fabricação de produtos químicos inorgânicos,24,Fabricação de produtos químicos,D,Indústrias de transformação
24147,Fabricação de gases industriais,24.1,Fabricação de produtos químicos inorgânicos,24,Fabricação de produtos químicos,D,Indústrias de transformação
24228,Fabricação de intermediários para resinas e fibras,24.2,Fabricação de produtos químicos orgânicos,24,Fabricação de produtos químicos,D,Indústrias de transformação
24210,Fabricação de produtos petroquímicos básicos,24.2,Fabricação de produtos químicos orgânicos,24,Fabricação de produtos químicos,D,Indústrias de transformação
24295,Fabricação de outros produtos químicos orgânicos,24.2,Fabricação de produtos químicos orgânicos,24,Fabricação de produtos químicos,D,Indústrias de transformação
24333,Fabricação de elastômeros,24.3,Fabricação de resinas e elastômeros,24,Fabricação de produtos químicos,D,Indústrias de transformação
24325,Fabricação de resinas termofixas,24.3,Fabricação de resinas e elastômeros,24,Fabricação de produtos químicos,D,Indústrias de transformação
24317,Fabricação de resinas termoplásticas,24.3,Fabricação de resinas e elastômeros,24,Fabricação de produtos químicos,D,Indústrias de transformação
24414,"Fabricação de fibras, fios, cabos e filamentos contínuos artificiais",24.4,"Fabricação de fibras, fios, cabos e filamentos contínuos artificiais e sintéticos",24,Fabricação de produtos químicos,D,Indústrias de transformação
24422,"Fabricação de fibras, fios, cabos e filamentos contínuos sintéticos",24.4,"Fabricação de fibras, fios, cabos e filamentos contínuos artificiais e sintéticos",24,Fabricação de produtos químicos,D,Indústrias de transformação
24511,Fabricação de produtos farmoquímicos,24.5,Fabricação de produtos farmacêuticos,24,Fabricação de produtos químicos,D,Indústrias de transformação
24546,"Fabricação de materiais para usos médicos, hospitalares e odontológicos",24.5,Fabricação de produtos farmacêuticos,24,Fabricação de produtos químicos,D,Indústrias de transformação
24520,Fabricação de medicamentos para uso humano,24.5,Fabricação de produtos farmacêuticos,24,Fabricação de produtos químicos,D,Indústrias de transformação
24538,Fabricação de medicamentos para uso veterinário,24.5,Fabricação de produtos farmacêuticos,24,Fabricação de produtos químicos,D,Indústrias de transformação
24694,Fabricação de outros defensivos agrícolas,24.6,Fabricação de defensivos agrícolas,24,Fabricação de produtos químicos,D,Indústrias de transformação
24627,Fabricação de fungicidas,24.6,Fabricação de defensivos agrícolas,24,Fabricação de produtos químicos,D,Indústrias de transformação
24619,Fabricação de inseticidas,24.6,Fabricação de defensivos agrícolas,24,Fabricação de produtos químicos,D,Indústrias de transformação
24635,Fabricação de herbicidas,24.6,Fabricação de defensivos agrícolas,24,Fabricação de produtos químicos,D,Indústrias de transformação
24732,Fabricação de artigos de perfumaria e cosméticos,24.7,"Fabricação de sabões, detergentes, produtos de limpeza e artigos de perfumaria",24,Fabricação de produtos químicos,D,Indústrias de transformação
24724,Fabricação de produtos de limpeza e polimento,24.7,"Fabricação de sabões, detergentes, produtos de limpeza e artigos de perfumaria",24,Fabricação de produtos químicos,D,Indústrias de transformação
24716,"Fabricação de sabões, sabonetes e detergentes sintéticos",24.7,"Fabricação de sabões, detergentes, produtos de limpeza e artigos de perfumaria",24,Fabricação de produtos químicos,D,Indústrias de transformação
24821,Fabricação de tintas de impressão,24.8,"Fabricação de tintas, vernizes, esmaltes, lacas e produtos afins",24,Fabricação de produtos químicos,D,Indústrias de transformação
24813,"Fabricação de tintas, vernizes, esmaltes e lacas",24.8,"Fabricação de tintas, vernizes, esmaltes, lacas e produtos afins",24,Fabricação de produtos químicos,D,Indústrias de transformação
24830,"Fabricação de impermeabilizantes, solventes e produtos afins",24.8,"Fabricação de tintas, vernizes, esmaltes, lacas e produtos afins",24,Fabricação de produtos químicos,D,Indústrias de transformação
24937,Fabricação de catalisadores,24.9,Fabricação de produtos e preparados químicos diversos,24,Fabricação de produtos químicos,D,Indústrias de transformação
24961,Fabricação de discos e fitas virgens,24.9,Fabricação de produtos e preparados químicos diversos,24,Fabricação de produtos químicos,D,Indústrias de transformação
24953,"Fabricação de chapas, filmes, papéis e outros materiais e produtos químicos para fotografia",24.9,Fabricação de produtos e preparados químicos diversos,24,Fabricação de produtos químicos,D,Indústrias de transformação
24996,Fabricação de outros produtos químicos não especificados anteriormente,24.9,Fabricação de produtos e preparados químicos diversos,24,Fabricação de produtos químicos,D,Indústrias de transformação
24910,Fabricação de adesivos e selantes,24.9,Fabricação de produtos e preparados químicos diversos,24,Fabricação de produtos químicos,D,Indústrias de transformação
24929,Fabricação de explosivos,24.9,Fabricação de produtos e preparados químicos diversos,24,Fabricação de produtos químicos,D,Indústrias de transformação
24945,Fabricação de aditivos de uso industrial,24.9,Fabricação de produtos e preparados químicos diversos,24,Fabricação de produtos químicos,D,Indústrias de transformação
25119,Fabricação de pneumáticos e de câmaras-de-ar,25.1,Fabricação de artigos de borracha,25,Fabricação de artigos de borracha e plástico,D,Indústrias de transformação
25194,Fabricação de artefatos diversos de borracha,25.1,Fabricação de artigos de borracha,25,Fabricação de artigos de borracha e plástico,D,Indústrias de transformação
25127,Recondicionamento de pneumáticos,25.1,Fabricação de artigos de borracha,25,Fabricação de artigos de borracha e plástico,D,Indústrias de transformação
25291,Fabricação de artefatos diversos de plástico,25.2,Fabricação de produtos de plástico,25,Fabricação de artigos de borracha e plástico,D,Indústrias de transformação
25224,Fabricação de embalagem de plástico,25.2,Fabricação de produtos de plástico,25,Fabricação de artigos de borracha e plástico,D,Indústrias de transformação
25216,Fabricação de laminados planos e tubulares de plástico,25.2,Fabricação de produtos de plástico,25,Fabricação de artigos de borracha e plástico,D,Indústrias de transformação
26123,Fabricação de embalagens de vidro,26.1,Fabricação de vidro e de produtos do vidro,26,Fabricação de produtos de minerais não-metálicos,D,Indústrias de transformação
26115,Fabricação de vidro plano e de segurança,26.1,Fabricação de vidro e de produtos do vidro,26,Fabricação de produtos de minerais não-metálicos,D,Indústrias de transformação
26190,Fabricação de artigos de vidro,26.1,Fabricação de vidro e de produtos do vidro,26,Fabricação de produtos de minerais não-metálicos,D,Indústrias de transformação
26204,Fabricação de cimento,26.2,Fabricação de cimento,26,Fabricação de produtos de minerais não-metálicos,D,Indústrias de transformação
26301,"Fabricação de artefatos de concreto, cimento, fibrocimento, gesso e estuque",26.3,"Fabricação de artefatos de concreto, cimento, fibrocimento, gesso e estuque",26,Fabricação de produtos de minerais não-metálicos,D,Indústrias de transformação
26417,Fabricação de produtos cerâmicos não-refratários para uso estrutural na construção civil,26.4,Fabricação de produtos cerâmicos,26,Fabricação de produtos de minerais não-metálicos,D,Indústrias de transformação
26492,Fabricação de produtos cerâmicos não-refratários para usos diversos,26.4,Fabricação de produtos cerâmicos,26,Fabricação de produtos de minerais não-metálicos,D,Indústrias de transformação
26425,Fabricação de produtos cerâmicos refratários,26.4,Fabricação de produtos cerâmicos,26,Fabricação de produtos de minerais não-metálicos,D,Indústrias de transformação
26921,"Fabricação de cal virgem, cal hidratada e gesso",26.9,Aparelhamento de pedras e fabricação de cal e de outros produtos de minerais não-metálicos,26,Fabricação de produtos de minerais não-metálicos,D,Indústrias de transformação
26999,Fabricação de outros produtos de minerais não-metálicos,26.9,Aparelhamento de pedras e fabricação de cal e de outros produtos de minerais não-metálicos,26,Fabricação de produtos de minerais não-metálicos,D,Indústrias de transformação
26913,"Britamento, aparelhamento e outros trabalhos em pedras (não associados à extração)",26.9,Aparelhamento de pedras e fabricação de cal e de outros produtos de minerais não-metálicos,26,Fabricação de produtos de minerais não-metálicos,D,Indústrias de transformação
27146,Produção de ferroligas,27.1,Produção de ferro-gusa e de ferroligas,27,Metalurgia básica,D,Indústrias de transformação
27138,Produção de ferro-gusa,27.1,Produção de ferro-gusa e de ferroligas,27,Metalurgia básica,D,Indústrias de transformação
27251,Produção de laminados longos de aço,27.2,Siderurgia,27,Metalurgia básica,D,Indústrias de transformação
27260,"Produção de relaminados, trefilados e perfilados de aço",27.2,Siderurgia,27,Metalurgia básica,D,Indústrias de transformação
27243,Produção de laminados planos de aço,27.2,Siderurgia,27,Metalurgia básica,D,Indústrias de transformação
27235,Produção de semi-acabados de aço,27.2,Siderurgia,27,Metalurgia básica,D,Indústrias de transformação
27391,Fabricação de outros tubos de ferro e aço,27.3,Fabricação de tubos - exceto em siderúrgicas,27,Metalurgia básica,D,Indústrias de transformação
27316,Fabricação de tubos de aço com costura,27.3,Fabricação de tubos - exceto em siderúrgicas,27,Metalurgia básica,D,Indústrias de transformação
27499,Metalurgia de outros metais não-ferrosos e suas ligas,27.4,Metalurgia de metais não-ferrosos,27,Metalurgia básica,D,Indústrias de transformação
27413,Metalurgia do alumínio e suas ligas,27.4,Metalurgia de metais não-ferrosos,27,Metalurgia básica,D,Indústrias de transformação
27421,Metalurgia dos metais preciosos,27.4,Metalurgia de metais não-ferrosos,27,Metalurgia básica,D,Indústrias de transformação
27529,Fabricação de peças fundidas de metais não-ferrosos e suas ligas,27.5,Fundição,27,Metalurgia básica,D,Indústrias de transformação
27510,Fabricação de peças fundidas de ferro e aço,27.5,Fundição,27,Metalurgia básica,D,Indústrias de transformação
28134,Fabricação de obras de caldeiraria pesada,28.1,Fabricação de estruturas metálicas e obras de caldeiraria pesada,28,Fabricação de produtos de metal - exceto máquinas e equipamentos,D,Indústrias de transformação
28118,"Fabricação de estruturas metálicas para edifícios, pontes, torres de transmissão, andaimes e outros fins",28.1,Fabricação de estruturas metálicas e obras de caldeiraria pesada,28,Fabricação de produtos de metal - exceto máquinas e equipamentos,D,Indústrias de transformação
28126,Fabricação de esquadrias de metal,28.1,Fabricação de estruturas metálicas e obras de caldeiraria pesada,28,Fabricação de produtos de metal - exceto máquinas e equipamentos,D,Indústrias de transformação
28223,Fabricação de caldeiras geradoras de vapor - exceto para aquecimento central e para veículos,28.2,"Fabricação de tanques, caldeiras e reservatórios metálicos",28,Fabricação de produtos de metal - exceto máquinas e equipamentos,D,Indústrias de transformação
28215,"Fabricação de tanques, reservatórios metálicos e caldeiras para aquecimento central",28.2,"Fabricação de tanques, caldeiras e reservatórios metálicos",28,Fabricação de produtos de metal - exceto máquinas e equipamentos,D,Indústrias de transformação
28398,"Têmpera, cementação e tratamento térmico do aço, serviços de usinagem, galvanotécnica e solda",28.3,"Forjaria, estamparia, metalurgia do pó e serviços de tratamento de metais",28,Fabricação de produtos de metal - exceto máquinas e equipamentos,D,Indústrias de transformação
28312,Produção de forjados de aço,28.3,"Forjaria, estamparia, metalurgia do pó e serviços de tratamento de metais",28,Fabricação de produtos de metal - exceto máquinas e equipamentos,D,Indústrias de transformação
28347,Metalurgia do pó,28.3,"Forjaria, estamparia, metalurgia do pó e serviços de tratamento de metais",28,Fabricação de produtos de metal - exceto máquinas e equipamentos,D,Indústrias de transformação
28320,Produção de forjados de metais não-ferrosos e suas ligas,28.3,"Forjaria, estamparia, metalurgia do pó e serviços de tratamento de metais",28,Fabricação de produtos de metal - exceto máquinas e equipamentos,D,Indústrias de transformação
28339,Fabricação de artefatos estampados de metal,28.3,"Forjaria, estamparia, metalurgia do pó e serviços de tratamento de metais",28,Fabricação de produtos de metal - exceto máquinas e equipamentos,D,Indústrias de transformação
28436,Fabricação de ferramentas manuais,28.4,"Fabricação de artigos de cutelaria, de serralheria e ferramentas manuais",28,Fabricação de produtos de metal - exceto máquinas e equipamentos,D,Indústrias de transformação
28410,Fabricação de artigos de cutelaria,28.4,"Fabricação de artigos de cutelaria, de serralheria e ferramentas manuais",28,Fabricação de produtos de metal - exceto máquinas e equipamentos,D,Indústrias de transformação
28428,Fabricação de artigos de serralheria - exceto esquadrias,28.4,"Fabricação de artigos de cutelaria, de serralheria e ferramentas manuais",28,Fabricação de produtos de metal - exceto máquinas e equipamentos,D,Indústrias de transformação
28819,"Manutenção e reparação de tanques, reservatórios metálicos e caldeiras para aquecimento central",28.8,"Manutenção e reparação de tanques, caldeiras e reservatórios metálicos",28,Fabricação de produtos de metal - exceto máquinas e equipamentos,D,Indústrias de transformação
28827,Manutenção e reparação de caldeiras geradoras de vapor - exceto para aquecimento central e para veículos,28.8,"Manutenção e reparação de tanques, caldeiras e reservatórios metálicos",28,Fabricação de produtos de metal - exceto máquinas e equipamentos,D,Indústrias de transformação
28916,Fabricação de embalagens metálicas,28.9,Fabricação de produtos diversos de metal,28,Fabricação de produtos de metal - exceto máquinas e equipamentos,D,Indústrias de transformação
28932,Fabricação de artigos de funilaria e de artigos de metal para usos doméstico e pessoal,28.9,Fabricação de produtos diversos de metal,28,Fabricação de produtos de metal - exceto máquinas e equipamentos,D,Indústrias de transformação
28991,Fabricação de outros produtos elaborados de metal,28.9,Fabricação de produtos diversos de metal,28,Fabricação de produtos de metal - exceto máquinas e equipamentos,D,Indústrias de transformação
28924,Fabricação de artefatos de trefilados,28.9,Fabricação de produtos diversos de metal,28,Fabricação de produtos de metal - exceto máquinas e equipamentos,D,Indústrias de transformação
29114,"Fabricação de motores estacionários de combustão interna, turbinas e outras máquinas motrizes não-elétricas - exceto para aviões e veículos rodoviários",29.1,"Fabricação de motores, bombas, compressores e equipamentos de transmissão",29,Fabricação de máquinas e equipamentos,D,Indústrias de transformação
29157,Fabricação de equipamentos de transmissão para fins industriais - inclusive rolamentos,29.1,"Fabricação de motores, bombas, compressores e equipamentos de transmissão",29,Fabricação de máquinas e equipamentos,D,Indústrias de transformação
29130,"Fabricação de válvulas, torneiras e registros",29.1,"Fabricação de motores, bombas, compressores e equipamentos de transmissão",29,Fabricação de máquinas e equipamentos,D,Indústrias de transformação
29149,Fabricação de compressores,29.1,"Fabricação de motores, bombas, compressores e equipamentos de transmissão",29,Fabricação de máquinas e equipamentos,D,Indústrias de transformação
29122,Fabricação de bombas e carneiros hidráulicos,29.1,"Fabricação de motores, bombas, compressores e equipamentos de transmissão",29,Fabricação de máquinas e equipamentos,D,Indústrias de transformação
29246,Fabricação de máquinas e aparelhos de refrigeração e ventilação de usos industrial e comercial,29.2,Fabricação de máquinas e equipamentos de uso geral,29,Fabricação de máquinas e equipamentos,D,Indústrias de transformação
29211,"Fabricação de fornos industriais, aparelhos e equipamentos não-elétricos para instalações térmicas",29.2,Fabricação de máquinas e equipamentos de uso geral,29,Fabricação de máquinas e equipamentos,D,Indústrias de transformação
29254,Fabricação de aparelhos de ar-condicionado,29.2,Fabricação de máquinas e equipamentos de uso geral,29,Fabricação de máquinas e equipamentos,D,Indústrias de transformação
29220,Fabricação de estufas e fornos elétricos para fins industriais,29.2,Fabricação de máquinas e equipamentos de uso geral,29,Fabricação de máquinas e equipamentos,D,Indústrias de transformação
29238,"Fabricação de máquinas, equipamentos e aparelhos para transporte e elevação de cargas e pessoas",29.2,Fabricação de máquinas e equipamentos de uso geral,29,Fabricação de máquinas e equipamentos,D,Indústrias de transformação
29297,Fabricação de outras máquinas e equipamentos de uso geral,29.2,Fabricação de máquinas e equipamentos de uso geral,29,Fabricação de máquinas e equipamentos,D,Indústrias de transformação
29327,Fabricação de tratores agrícolas,29.3,"Fabricação de tratores e de máquinas e equipamentos para a agricultura, avicultura e obtenção de produtos animais",29,Fabricação de máquinas e equipamentos,D,Indústrias de transformação
29319,"Fabricação de máquinas e equipamentos para agricultura, avicultura e obtenção de produtos animais",29.3,"Fabricação de tratores e de máquinas e equipamentos para a agricultura, avicultura e obtenção de produtos animais",29,Fabricação de máquinas e equipamentos,D,Indústrias de transformação
29408,Fabricação de máquinas-ferramenta,29.4,Fabricação de máquinas-ferramenta,29,Fabricação de máquinas e equipamentos,D,Indústrias de transformação
29548,Fabricação de máquinas e equipamentos de terraplenagem e pavimentação,29.5,Fabricação de máquinas e equipamentos de uso na extração mineral e construção,29,Fabricação de máquinas e equipamentos,D,Indústrias de transformação
29521,Fabricação de outras máquinas e equipamentos de uso na extração mineral e construção,29.5,Fabricação de máquinas e equipamentos de uso na extração mineral e construção,29,Fabricação de máquinas e equipamentos,D,Indústrias de transformação
29530,Fabricação de tratores de esteira e tratores de uso na extração mineral e construção,29.5,Fabricação de máquinas e equipamentos de uso na extração mineral e construção,29,Fabricação de máquinas e equipamentos,D,Indústrias de transformação
29513,Fabricação de máquinas e equipamentos para a prospecção e extração de petróleo,29.5,Fabricação de máquinas e equipamentos de uso na extração mineral e construção,29,Fabricação de máquinas e equipamentos,D,Indústrias de transformação
29645,Fabricação de máquinas e equipamentos para as indústrias do vestuário e de couro e calçados,29.6,Fabricação de outras máquinas e equipamentos de uso específico,29,Fabricação de máquinas e equipamentos,D,Indústrias de transformação
29653,"Fabricação de máquinas e equipamentos para as indústrias de celulose, papel e papelão e artefatos",29.6,Fabricação de outras máquinas e equipamentos de uso específico,29,Fabricação de máquinas e equipamentos,D,Indústrias de transformação
29610,Fabricação de máquinas para a indústria metalúrgica - exceto máquinas-ferramenta,29.6,Fabricação de outras máquinas e equipamentos de uso específico,29,Fabricação de máquinas e equipamentos,D,Indústrias de transformação
29629,"Fabricação de máquinas e equipamentos para as indústrias alimentar, de bebida e fumo",29.6,Fabricação de outras máquinas e equipamentos de uso específico,29,Fabricação de máquinas e equipamentos,D,Indústrias de transformação
29637,Fabricação de máquinas e equipamentos para a indústria têxtil,29.6,Fabricação de outras máquinas e equipamentos de uso específico,29,Fabricação de máquinas e equipamentos,D,Indústrias de transformação
29696,Fabricação de outras máquinas e equipamentos de uso específico,29.6,Fabricação de outras máquinas e equipamentos de uso específico,29,Fabricação de máquinas e equipamentos,D,Indústrias de transformação
29718,Fabricação de armas de fogo e munições,29.7,"Fabricação de armas, munições e equipamentos militares",29,Fabricação de máquinas e equipamentos,D,Indústrias de transformação
29726,Fabricação de equipamento bélico pesado,29.7,"Fabricação de armas, munições e equipamentos militares",29,Fabricação de máquinas e equipamentos,D,Indústrias de transformação
29815,"Fabricação de fogões, refrigeradores e máquinas de lavar e secar para uso doméstico",29.8,Fabricação de eletrodomésticos,29,Fabricação de máquinas e equipamentos,D,Indústrias de transformação
29890,Fabricação de outros aparelhos eletrodomésticos,29.8,Fabricação de eletrodomésticos,29,Fabricação de máquinas e equipamentos,D,Indústrias de transformação
29955,Manutenção e reparação de máquinas e equipamentos de uso na extração mineral e construção,29.9,Manutenção e reparação de máquinas e equipamentos industriais,29,Fabricação de máquinas e equipamentos,D,Indústrias de transformação
29963,Manutenção e reparação de máquinas e equipamentos de uso específico,29.9,Manutenção e reparação de máquinas e equipamentos industriais,29,Fabricação de máquinas e equipamentos,D,Indústrias de transformação
29912,"Manutenção e reparação de motores, bombas, compressores e equipamentos de transmissão",29.9,Manutenção e reparação de máquinas e equipamentos industriais,29,Fabricação de máquinas e equipamentos,D,Indústrias de transformação
29947,Manutenção e reparação de máquinas-ferramenta,29.9,Manutenção e reparação de máquinas e equipamentos industriais,29,Fabricação de máquinas e equipamentos,D,Indústrias de transformação
29939,"Manutenção e reparação de tratores e de máquinas e equipamentos para agriculutra, avicultura e obtenção de produtos animais",29.9,Manutenção e reparação de máquinas e equipamentos industriais,29,Fabricação de máquinas e equipamentos,D,Indústrias de transformação
29920,Manutenção e reparação de máquinas e equipamentos de uso geral,29.9,Manutenção e reparação de máquinas e equipamentos industriais,29,Fabricação de máquinas e equipamentos,D,Indústrias de transformação
30112,"Fabricação de máquinas de escrever e calcular, copiadoras e outros equipamentos não-eletrônicos para escritório",30.1,Fabricação de máquinas para escritório,30,Fabricação de máquinas para escritório e equipamentos de informática,D,Indústrias de transformação
30120,"Fabricação de máquinas de escrever e calcular, copiadoras e outros equipamentos eletrônicos destinados à automação gerencial e comercial",30.1,Fabricação de máquinas para escritório,30,Fabricação de máquinas para escritório e equipamentos de informática,D,Indústrias de transformação
30210,Fabricação de computadores,30.2,Fabricação de máquinas e equipamentos de sistemas eletrônicos para processamento de dados,30,Fabricação de máquinas para escritório e equipamentos de informática,D,Indústrias de transformação
30228,Fabricação de equipamentos periféricos para máquinas eletrônicas para tratamento de informações,30.2,Fabricação de máquinas e equipamentos de sistemas eletrônicos para processamento de dados,30,Fabricação de máquinas para escritório e equipamentos de informática,D,Indústrias de transformação
31119,Fabricação de geradores de corrente contínua ou alternada,31.1,"Fabricação de geradores, transformadores e motores elétricos",31,"Fabricação de máquinas, aparelhos e materiais elétricos",D,Indústrias de transformação
31127,"Fabricação de transformadores, indutores, conversores, sincronizadores e semelhantes",31.1,"Fabricação de geradores, transformadores e motores elétricos",31,"Fabricação de máquinas, aparelhos e materiais elétricos",D,Indústrias de transformação
31135,Fabricação de motores elétricos,31.1,"Fabricação de geradores, transformadores e motores elétricos",31,"Fabricação de máquinas, aparelhos e materiais elétricos",D,Indústrias de transformação
31224,Fabricação de material elétrico para instalações em circuito de consumo,31.2,Fabricação de equipamentos para distribuição e controle de energia elétrica,31,"Fabricação de máquinas, aparelhos e materiais elétricos",D,Indústrias de transformação
31216,"Fabricação de subestações, quadros de comando, reguladores de voltagem e outros aparelhos e equipamentos para distribuição e controle de energia elétrica",31.2,Fabricação de equipamentos para distribuição e controle de energia elétrica,31,"Fabricação de máquinas, aparelhos e materiais elétricos",D,Indústrias de transformação
31305,"Fabricação de fios, cabos e condutores elétricos isolados",31.3,"Fabricação de fios, cabos e condutores elétricos isolados",31,"Fabricação de máquinas, aparelhos e materiais elétricos",D,Indústrias de transformação
31410,"Fabricação de pilhas, baterias e acumuladores elétricos - exceto para veículos",31.4,"Fabricação de pilhas, baterias e acumuladores elétricos",31,"Fabricação de máquinas, aparelhos e materiais elétricos",D,Indústrias de transformação
31429,Fabricação de baterias e acumuladores para veículos,31.4,"Fabricação de pilhas, baterias e acumuladores elétricos",31,"Fabricação de máquinas, aparelhos e materiais elétricos",D,Indústrias de transformação
31518,Fabricação de lâmpadas,31.5,Fabricação de lâmpadas e equipamentos de iluminação,31,"Fabricação de máquinas, aparelhos e materiais elétricos",D,Indústrias de transformação
31526,Fabricação de luminárias e equipamentos de iluminação - exceto para veículos,31.5,Fabricação de lâmpadas e equipamentos de iluminação,31,"Fabricação de máquinas, aparelhos e materiais elétricos",D,Indústrias de transformação
31607,Fabricação de material elétrico para veículos - exceto baterias,31.6,Fabricação de material elétrico para veículos - exceto baterias,31,"Fabricação de máquinas, aparelhos e materiais elétricos",D,Indústrias de transformação
31895,"Manutenção e reparação de máquinas, aparelhos e materiais elétricos não especificados anteriormente",31.8,"Manutenção e reparação de máquinas, aparelhos e materiais elétricos",31,"Fabricação de máquinas, aparelhos e materiais elétricos",D,Indústrias de transformação
31828,Manutenção e reparação de baterias e acumuladores elétricos - exceto para veículos,31.8,"Manutenção e reparação de máquinas, aparelhos e materiais elétricos",31,"Fabricação de máquinas, aparelhos e materiais elétricos",D,Indústrias de transformação
31810,"Manutenção e reparação de geradores, transformadores e motores elétricos",31.8,"Manutenção e reparação de máquinas, aparelhos e materiais elétricos",31,"Fabricação de máquinas, aparelhos e materiais elétricos",D,Indústrias de transformação
31917,"Fabricação de eletrodos, contatos e outros artigos de carvão e grafita para uso elétrico, eletroimãs e isoladores",31.9,Fabricação de outros equipamentos e aparelhos elétricos,31,"Fabricação de máquinas, aparelhos e materiais elétricos",D,Indústrias de transformação
31992,Fabricação de outros aparelhos ou equipamentos elétricos,31.9,Fabricação de outros equipamentos e aparelhos elétricos,31,"Fabricação de máquinas, aparelhos e materiais elétricos",D,Indústrias de transformação
31925,Fabricação de aparelhos e utensílios para sinalização e alarme,31.9,Fabricação de outros equipamentos e aparelhos elétricos,31,"Fabricação de máquinas, aparelhos e materiais elétricos",D,Indústrias de transformação
32107,Fabricação de material eletrônico básico,32.1,Fabricação de material eletrônico básico,32,Fabricação de material eletrônico e de aparelhos e equipamentos de comunicações,D,Indústrias de transformação
32220,"Fabricação de aparelhos telefônicos, sistemas de intercomunicação e semelhantes",32.2,Fabricação de aparelhos e equipamentos de telefonia e radiotelefonia e de transmissores de televisão e rádio,32,Fabricação de material eletrônico e de aparelhos e equipamentos de comunicações,D,Indústrias de transformação
32212,"Fabricação de equipamentos transmissores de rádio e televisão e de equipamentos para estações telefônicas, para radiotelefonia e radiotelegrafia - inclusive de microondas e repetidoras",32.2,Fabricação de aparelhos e equipamentos de telefonia e radiotelefonia e de transmissores de televisão e rádio,32,Fabricação de material eletrônico e de aparelhos e equipamentos de comunicações,D,Indústrias de transformação
32301,"Fabricação de aparelhos receptores de rádio e televisão e de reprodução, gravação ou amplificação de som e vídeo",32.3,"Fabricação de aparelhos receptores de rádio e televisão e de reprodução, gravação ou amplificação de som e vídeo",32,Fabricação de material eletrônico e de aparelhos e equipamentos de comunicações,D,Indústrias de transformação
32905,Manutenção e reparação de aparelhos e equipamentos de telefonia e radiotelefonia e de transmissores de televisão e rádio - exceto telefones,32.9,Manutenção e reparação de aparelhos e equipamentos de telefonia e radiotelefonia e de transmissores de televisão e rádio - exceto telefones,32,Fabricação de material eletrônico e de aparelhos e equipamentos de comunicações,D,Indústrias de transformação
33103,"Fabricação de aparelhos e instrumentos para usos médico-hospitalares, odontológicos e de laboratórios e aparelhos ortopédicos",33.1,"Fabricação de aparelhos e instrumentos para usos médicos-hospitalares, odontológicos e de laboratórios e aparelhos ortopédicos",33,"Fabricação de equipamentos de instrumentação médico-hospitalares, instrumentos de precisão e ópticos, equipamentos para automação industrial, cronômetros e relógios",D,Indústrias de transformação
33200,"Fabricação de aparelhos e instrumentos de medida, teste e controle - exceto equipamentos para controle de processos industriais",33.2,"Fabricação de aparelhos e instrumentos de medida, teste e controle - exceto equipamentos para controle de processos industriais",33,"Fabricação de equipamentos de instrumentação médico-hospitalares, instrumentos de precisão e ópticos, equipamentos para automação industrial, cronômetros e relógios",D,Indústrias de transformação
33308,"Fabricação de máquinas, aparelhos e equipamentos de sistemas eletrônicos dedicados à automação industrial e controle do processo produtivo",33.3,"Fabricação de máquinas, aparelhos e equipamentos de sistemas eletrônicos dedicados à automação industrial e controle do processo produtivo",33,"Fabricação de equipamentos de instrumentação médico-hospitalares, instrumentos de precisão e ópticos, equipamentos para automação industrial, cronômetros e relógios",D,Indústrias de transformação
33405,"Fabricação de aparelhos, instrumentos e materiais ópticos, fotográficos e cinematográficos",33.4,"Fabricação de aparelhos, instrumentos e materiais ópticos, fotográficos e cinematográficos",33,"Fabricação de equipamentos de instrumentação médico-hospitalares, instrumentos de precisão e ópticos, equipamentos para automação industrial, cronômetros e relógios",D,Indústrias de transformação
33502,Fabricação de cronômetros e relógios,33.5,Fabricação de cronômetros e relógios,33,"Fabricação de equipamentos de instrumentação médico-hospitalares, instrumentos de precisão e ópticos, equipamentos para automação industrial, cronômetros e relógios",D,Indústrias de transformação
33928,"Manutenção e reparação de aparelhos e instrumentos de medida, teste e controle - exceto equipamentos de controle de processos industriais",33.9,"Manutenção e reparação de equipamentos médico-hospitalares, instrumentos de precisão e ópticos e equipamentos para automação industrial",33,"Fabricação de equipamentos de instrumentação médico-hospitalares, instrumentos de precisão e ópticos, equipamentos para automação industrial, cronômetros e relógios",D,Indústrias de transformação
33910,"Manutenção e reparação de equipamentos médico-hospitalares, odontológicos e de laboratório",33.9,"Manutenção e reparação de equipamentos médico-hospitalares, instrumentos de precisão e ópticos e equipamentos para automação industrial",33,"Fabricação de equipamentos de instrumentação médico-hospitalares, instrumentos de precisão e ópticos, equipamentos para automação industrial, cronômetros e relógios",D,Indústrias de transformação
33944,Manutenção e reparação de instrumentos ópticos e cinematográficos,33.9,"Manutenção e reparação de equipamentos médico-hospitalares, instrumentos de precisão e ópticos e equipamentos para automação industrial",33,"Fabricação de equipamentos de instrumentação médico-hospitalares, instrumentos de precisão e ópticos, equipamentos para automação industrial, cronômetros e relógios",D,Indústrias de transformação
33936,"Manutenção e reparação de máquinas, aparelhos e equipamentos de sistemas eletrônicos dedicados à automação industrial e controle do processo produtivo",33.9,"Manutenção e reparação de equipamentos médico-hospitalares, instrumentos de precisão e ópticos e equipamentos para automação industrial",33,"Fabricação de equipamentos de instrumentação médico-hospitalares, instrumentos de precisão e ópticos, equipamentos para automação industrial, cronômetros e relógios",D,Indústrias de transformação
34100,"Fabricação de automóveis, camionetas e utilitários",34.1,"Fabricação de automóveis, caminhonetas e utilitários",34,"Fabricação e montagem de veículos automotores, reboques e carrocerias",D,Indústrias de transformação
34207,Fabricação de caminhões e ônibus,34.2,Fabricação de caminhões e ônibus,34,"Fabricação e montagem de veículos automotores, reboques e carrocerias",D,Indústrias de transformação
34398,"Fabricação de cabines, carrocerias e reboques para outros veículos",34.3,"Fabricação de cabines, carrocerias e reboques",34,"Fabricação e montagem de veículos automotores, reboques e carrocerias",D,Indústrias de transformação
34312,"Fabricação de cabines, carrocerias e reboques para caminhão",34.3,"Fabricação de cabines, carrocerias e reboques",34,"Fabricação e montagem de veículos automotores, reboques e carrocerias",D,Indústrias de transformação
34320,Fabricação de carrocerias para ônibus,34.3,"Fabricação de cabines, carrocerias e reboques",34,"Fabricação e montagem de veículos automotores, reboques e carrocerias",D,Indústrias de transformação
34428,Fabricação de peças e acessórios para os sistemas de marcha e transmissão,34.4,Fabricação de peças e acessórios para veículos automotores,34,"Fabricação e montagem de veículos automotores, reboques e carrocerias",D,Indústrias de transformação
34436,Fabricação de peças e acessórios para o sistema de freios,34.4,Fabricação de peças e acessórios para veículos automotores,34,"Fabricação e montagem de veículos automotores, reboques e carrocerias",D,Indústrias de transformação
34495,Fabricação de outras peças e acessórios para veículos automotores não especificadas anteriormente,34.4,Fabricação de peças e acessórios para veículos automotores,34,"Fabricação e montagem de veículos automotores, reboques e carrocerias",D,Indústrias de transformação
34410,Fabricação de peças e acessórios para o sistema motor,34.4,Fabricação de peças e acessórios para veículos automotores,34,"Fabricação e montagem de veículos automotores, reboques e carrocerias",D,Indústrias de transformação
34444,Fabricação de peças e acessórios para o sistema de direção e suspensão,34.4,Fabricação de peças e acessórios para veículos automotores,34,"Fabricação e montagem de veículos automotores, reboques e carrocerias",D,Indústrias de transformação
34509,Recondicionamento ou recuperação de motores para veículos automotores,34.5,Recondicionamento ou recuperação de motores para veículos automotores,34,"Fabricação e montagem de veículos automotores, reboques e carrocerias",D,Indústrias de transformação
35122,Construção e reparação de embarcações para esporte e lazer,35.1,Construção e reparação de embarcações,35,Fabricação de outros equipamentos de transporte,D,Indústrias de transformação
35114,Construção e reparação de embarcações e estruturas flutuantes,35.1,Construção e reparação de embarcações,35,Fabricação de outros equipamentos de transporte,D,Indústrias de transformação
35211,"Construção e montagem de locomotivas, vagões e outros materiais rodantes",35.2,"Construção, montagem e reparação de veículos ferroviários",35,Fabricação de outros equipamentos de transporte,D,Indústrias de transformação
35238,Reparação de veículos ferroviários,35.2,"Construção, montagem e reparação de veículos ferroviários",35,Fabricação de outros equipamentos de transporte,D,Indústrias de transformação
35220,Fabricação de peças e acessórios para veículos ferroviários,35.2,"Construção, montagem e reparação de veículos ferroviários",35,Fabricação de outros equipamentos de transporte,D,Indústrias de transformação
35327,Reparação de aeronaves,35.3,"Construção, montagem e reparação de aeronaves",35,Fabricação de outros equipamentos de transporte,D,Indústrias de transformação
35319,Construção e montagem de aeronaves,35.3,"Construção, montagem e reparação de aeronaves",35,Fabricação de outros equipamentos de transporte,D,Indústrias de transformação
35912,Fabricação de motocicletas,35.9,Fabricação de outros equipamentos de transporte,35,Fabricação de outros equipamentos de transporte,D,Indústrias de transformação
35920,Fabricação de bicicletas e triciclos não-motorizados,35.9,Fabricação de outros equipamentos de transporte,35,Fabricação de outros equipamentos de transporte,D,Indústrias de transformação
35998,Fabricação de outros equipamentos de transporte,35.9,Fabricação de outros equipamentos de transporte,35,Fabricação de outros equipamentos de transporte,D,Indústrias de transformação
36129,Fabricação de móveis com predominância de metal,36.1,Fabricação de artigos do mobiliário,36,Fabricação de móveis e indústrias diversas,D,Indústrias de transformação
36137,Fabricação de móveis de outros materiais,36.1,Fabricação de artigos do mobiliário,36,Fabricação de móveis e indústrias diversas,D,Indústrias de transformação
36110,Fabricação de móveis com predominância de madeira,36.1,Fabricação de artigos do mobiliário,36,Fabricação de móveis e indústrias diversas,D,Indústrias de transformação
36145,Fabricação de colchões,36.1,Fabricação de artigos do mobiliário,36,Fabricação de móveis e indústrias diversas,D,Indústrias de transformação
36927,Fabricação de instrumentos musicais,36.9,Fabricação de produtos diversos,36,Fabricação de móveis e indústrias diversas,D,Indústrias de transformação
36935,"Fabricação de artefatos para caça, pesca e esporte",36.9,Fabricação de produtos diversos,36,Fabricação de móveis e indústrias diversas,D,Indústrias de transformação
36994,Fabricação de produtos diversos,36.9,Fabricação de produtos diversos,36,Fabricação de móveis e indústrias diversas,D,Indústrias de transformação
36919,"Lapidação de pedras preciosas e semi-preciosas, fabricação de artefatos de ourivesaria e joalheria",36.9,Fabricação de produtos diversos,36,Fabricação de móveis e indústrias diversas,D,Indústrias de transformação
36978,"Fabricação de escovas, pincéis e vassouras",36.9,Fabricação de produtos diversos,36,Fabricação de móveis e indústrias diversas,D,Indústrias de transformação
36943,Fabricação de brinquedos e de jogos recreativos,36.9,Fabricação de produtos diversos,36,Fabricação de móveis e indústrias diversas,D,Indústrias de transformação
36951,"Fabricação de canetas, lápis, fitas impressoras para máquinas e outros artigos para escritório",36.9,Fabricação de produtos diversos,36,Fabricação de móveis e indústrias diversas,D,Indústrias de transformação
36960,Fabricação de aviamentos para costura,36.9,Fabricação de produtos diversos,36,Fabricação de móveis e indústrias diversas,D,Indústrias de transformação
37109,Reciclagem de sucatas metálicas,37.1,Reciclagem de sucatas metálicas,37,Reciclagem,D,Indústrias de transformação
37206,Reciclagem de sucatas não-metálicas,37.2,Reciclagem de sucatas não-metálicas,37,Reciclagem,D,Indústrias de transformação
40142,Distribuição de energia elétrica,40.1,Produção e distribuição de energia elétrica,40,"Eletricidade, gás e água quente",E,"Produção e distribuição de eletricidade, gás e água"
40134,Comércio atacadista de energia elétrica,40.1,Produção e distribuição de energia elétrica,40,"Eletricidade, gás e água quente",E,"Produção e distribuição de eletricidade, gás e água"
40126,Transmissão de energia elétrica,40.1,Produção e distribuição de energia elétrica,40,"Eletricidade, gás e água quente",E,"Produção e distribuição de eletricidade, gás e água"
40118,Produção de energia elétrica,40.1,Produção e distribuição de energia elétrica,40,"Eletricidade, gás e água quente",E,"Produção e distribuição de eletricidade, gás e água"
40207,Produção e distribuição de gás através de tubulações,40.2,Produção e distribuição de gás através de tubulações,40,"Eletricidade, gás e água quente",E,"Produção e distribuição de eletricidade, gás e água"
40304,Produção e distribuição de vapor e água quente,40.3,Produção e distribuição de vapor e água quente,40,"Eletricidade, gás e água quente",E,"Produção e distribuição de eletricidade, gás e água"
41009,"Captação, tratamento e distribuição de água",41.0,"Captação, tratamento e distribuição de água",41,"Captação, tratamento e distribuição de água",E,"Produção e distribuição de eletricidade, gás e água"
45128,Sondagens e fundações destinadas à construção,45.1,Preparação do terreno,45,Construção,F,Construção
45110,Demolição e preparação do terreno,45.1,Preparação do terreno,45,Construção,F,Construção
45136,Grandes movimentações de terra,45.1,Preparação do terreno,45,Construção,F,Construção
45225,Obras viárias,45.2,Construção de edifícios e obras de engenharia civil,45,Construção,F,Construção
45217,"Edificações (residenciais, industriais, comerciais e de serviços)",45.2,Construção de edifícios e obras de engenharia civil,45,Construção,F,Construção
45250,Obras de montagem,45.2,Construção de edifícios e obras de engenharia civil,45,Construção,F,Construção
45233,Obras de arte especiais,45.2,Construção de edifícios e obras de engenharia civil,45,Construção,F,Construção
45292,Obras de outros tipos,45.2,Construção de edifícios e obras de engenharia civil,45,Construção,F,Construção
45314,Obras para geração e distribuição de energia elétrica,45.3,Obras de infra-estrutura para energia elétrica e para telecomunicações,45,Construção,F,Construção
45330,Obras para telecomunicações,45.3,Obras de infra-estrutura para energia elétrica e para telecomunicações,45,Construção,F,Construção
45411,Instalações elétricas,45.4,Obras de instalações,45,Construção,F,Construção
45497,Outras obras de instalações,45.4,Obras de instalações,45,Construção,F,Construção
45420,"Instalações de sistemas de ar condicionado, de ventilação e refrigeração",45.4,Obras de instalações,45,Construção,F,Construção
45438,"Instalações hidráulicas, sanitárias, de gás e de sistema de prevenção contra incêndio",45.4,Obras de instalações,45,Construção,F,Construção
45500,Obras de acabamento,45.5,Obras de acabamento,45,Construção,F,Construção
45608,Aluguel de equipamentos de construção e demolição com operários,45.6,Aluguel de equipamentos de construção e demolição com operários,45,Construção,F,Construção
50105,Comércio a varejo e por atacado de veículos automotores,50.1,Comércio a varejo e por atacado de veículos automotores,50,Comércio e reparação de veículos automotores e motocicletas; e comércio a varejo de combustíveis,G,"Comércio; reparação de veículos automotores, objetos pessoais e domésticos"
50202,Manutenção e reparação de veículos automotores,50.2,Manutenção e reparação de veículos automotores,50,Comércio e reparação de veículos automotores e motocicletas; e comércio a varejo de combustíveis,G,"Comércio; reparação de veículos automotores, objetos pessoais e domésticos"
50300,Comércio a varejo e por atacado de peças e acessórios para veículos automotores,50.3,Comércio a varejo e por atacado de peças e acessórios para veículos automotores,50,Comércio e reparação de veículos automotores e motocicletas; e comércio a varejo de combustíveis,G,"Comércio; reparação de veículos automotores, objetos pessoais e domésticos"
50423,Manutenção e reparação de motocicletas,50.4,"Comércio, manutenção e reparação de motocicletas, partes, peças e acessórios",50,Comércio e reparação de veículos automotores e motocicletas; e comércio a varejo de combustíveis,G,"Comércio; reparação de veículos automotores, objetos pessoais e domésticos"
50415,"Comércio a varejo e por atacado de motocicletas, partes, peças e acessórios",50.4,"Comércio, manutenção e reparação de motocicletas, partes, peças e acessórios",50,Comércio e reparação de veículos automotores e motocicletas; e comércio a varejo de combustíveis,G,"Comércio; reparação de veículos automotores, objetos pessoais e domésticos"
50504,Comércio a varejo de combustíveis,50.5,Comércio a varejo de combustíveis,50,Comércio e reparação de veículos automotores e motocicletas; e comércio a varejo de combustíveis,G,"Comércio; reparação de veículos automotores, objetos pessoais e domésticos"
51152,Representantes comerciais e agentes do comércio de móveis e artigos de uso doméstico,51.1,Representantes comerciais e agentes do comércio,51,Comércio por atacado e representantes comerciais e agentes do comércio,G,"Comércio; reparação de veículos automotores, objetos pessoais e domésticos"
51110,"Representantes comerciais e agentes do comércio de matérias-primas agrícolas, animais vivos, matérias primas têxteis e produtos semi-acabados",51.1,Representantes comerciais e agentes do comércio,51,Comércio por atacado e representantes comerciais e agentes do comércio,G,"Comércio; reparação de veículos automotores, objetos pessoais e domésticos"
51179,"Representantes comerciais e agentes do comércio de produtos alimentícios, bebidas e fumo",51.1,Representantes comerciais e agentes do comércio,51,Comércio por atacado e representantes comerciais e agentes do comércio,G,"Comércio; reparação de veículos automotores, objetos pessoais e domésticos"
51187,Representantes comerciais e agentes do comércio especializado em produtos não especificados anteriormente,51.1,Representantes comerciais e agentes do comércio,51,Comércio por atacado e representantes comerciais e agentes do comércio,G,"Comércio; reparação de veículos automotores, objetos pessoais e domésticos"
51136,"Representantes comerciais e agentes do comércio de madeira, material de construção e ferragens",51.1,Representantes comerciais e agentes do comércio,51,Comércio por atacado e representantes comerciais e agentes do comércio,G,"Comércio; reparação de veículos automotores, objetos pessoais e domésticos"
51144,"Representantes comerciais e agentes do comércio de máquinas, equipamentos industriais, embarcações e aeronaves",51.1,Representantes comerciais e agentes do comércio,51,Comércio por atacado e representantes comerciais e agentes do comércio,G,"Comércio; reparação de veículos automotores, objetos pessoais e domésticos"
51128,"Representantes comerciais e agentes do comércio de combustíveis, minerais, metais e produtos químicos industriais",51.1,Representantes comerciais e agentes do comércio,51,Comércio por atacado e representantes comerciais e agentes do comércio,G,"Comércio; reparação de veículos automotores, objetos pessoais e domésticos"
51160,"Representantes comerciais e agentes do comércio de têxteis, vestuário, calçados e artigos de couro",51.1,Representantes comerciais e agentes do comércio,51,Comércio por atacado e representantes comerciais e agentes do comércio,G,"Comércio; reparação de veículos automotores, objetos pessoais e domésticos"
51195,Representantes comerciais e agentes do comércio de mercadorias em geral (não especializados),51.1,Representantes comerciais e agentes do comércio,51,Comércio por atacado e representantes comerciais e agentes do comércio,G,"Comércio; reparação de veículos automotores, objetos pessoais e domésticos"
51217,Comércio atacadista de matérias primas agrícolas e produtos semi-acabados; produtos alimentícios para animais,51.2,"Comércio atacadista de matérias primas agrícolas, animais vivos; produtos alimentícios para animais",51,Comércio por atacado e representantes comerciais e agentes do comércio,G,"Comércio; reparação de veículos automotores, objetos pessoais e domésticos"
51225,Comércio atacadista de animais vivos,51.2,"Comércio atacadista de matérias primas agrícolas, animais vivos; produtos alimentícios para animais",51,Comércio por atacado e representantes comerciais e agentes do comércio,G,"Comércio; reparação de veículos automotores, objetos pessoais e domésticos"
51322,"Comércio atacadista de cereais beneficiados e leguminosas, farinhas, amidos e féculas",51.3,"Comércio atacadista de produtos alimentícios, bebidas e fumo",51,Comércio por atacado e representantes comerciais e agentes do comércio,G,"Comércio; reparação de veículos automotores, objetos pessoais e domésticos"
51314,Comércio atacadista de leite e produtos do leite,51.3,"Comércio atacadista de produtos alimentícios, bebidas e fumo",51,Comércio por atacado e representantes comerciais e agentes do comércio,G,"Comércio; reparação de veículos automotores, objetos pessoais e domésticos"
51390,"Comércio atacadista de outros produtos alimentícios, não especificados anteriormente",51.3,"Comércio atacadista de produtos alimentícios, bebidas e fumo",51,Comércio por atacado e representantes comerciais e agentes do comércio,G,"Comércio; reparação de veículos automotores, objetos pessoais e domésticos"
51373,Comércio atacadista de produtos do fumo,51.3,"Comércio atacadista de produtos alimentícios, bebidas e fumo",51,Comércio por atacado e representantes comerciais e agentes do comércio,G,"Comércio; reparação de veículos automotores, objetos pessoais e domésticos"
51357,Comércio atacadista de pescados,51.3,"Comércio atacadista de produtos alimentícios, bebidas e fumo",51,Comércio por atacado e representantes comerciais e agentes do comércio,G,"Comércio; reparação de veículos automotores, objetos pessoais e domésticos"
51349,Comércio atacadista de carnes e produtos da carne,51.3,"Comércio atacadista de produtos alimentícios, bebidas e fumo",51,Comércio por atacado e representantes comerciais e agentes do comércio,G,"Comércio; reparação de veículos automotores, objetos pessoais e domésticos"
51330,Comércio atacadista de hortifrutigranjeiros,51.3,"Comércio atacadista de produtos alimentícios, bebidas e fumo",51,Comércio por atacado e representantes comerciais e agentes do comércio,G,"Comércio; reparação de veículos automotores, objetos pessoais e domésticos"
51365,Comércio atacadista de bebidas,51.3,"Comércio atacadista de produtos alimentícios, bebidas e fumo",51,Comércio por atacado e representantes comerciais e agentes do comércio,G,"Comércio; reparação de veículos automotores, objetos pessoais e domésticos"
51454,"Comércio atacadista de produtos farmacêuticos, médicos, ortopédicos e odontológicos",51.4,Comércio atacadista de artigos de usos pessoal e doméstico,51,Comércio por atacado e representantes comerciais e agentes do comércio,G,"Comércio; reparação de veículos automotores, objetos pessoais e domésticos"
51462,Comércio atacadista de cosméticos e produtos de perfumaria,51.4,Comércio atacadista de artigos de usos pessoal e doméstico,51,Comércio por atacado e representantes comerciais e agentes do comércio,G,"Comércio; reparação de veículos automotores, objetos pessoais e domésticos"
51420,Comércio atacadista de artigos do vestuário e complementos,51.4,Comércio atacadista de artigos de usos pessoal e doméstico,51,Comércio por atacado e representantes comerciais e agentes do comércio,G,"Comércio; reparação de veículos automotores, objetos pessoais e domésticos"
51470,"Comércio atacadista de artigos de escritório e de papelaria; livros, jornais, e outras publicações",51.4,Comércio atacadista de artigos de usos pessoal e doméstico,51,Comércio por atacado e representantes comerciais e agentes do comércio,G,"Comércio; reparação de veículos automotores, objetos pessoais e domésticos"
51438,Comércio atacadista de calçados,51.4,Comércio atacadista de artigos de usos pessoal e doméstico,51,Comércio por atacado e representantes comerciais e agentes do comércio,G,"Comércio; reparação de veículos automotores, objetos pessoais e domésticos"
51411,"Comércio atacadista de fios têxteis, tecidos, artefatos de tecidos e de armarinho",51.4,Comércio atacadista de artigos de usos pessoal e doméstico,51,Comércio por atacado e representantes comerciais e agentes do comércio,G,"Comércio; reparação de veículos automotores, objetos pessoais e domésticos"
51497,"Comércio atacadista de outros artigos de usos pessoal e doméstico, não especificados anteriormente",51.4,Comércio atacadista de artigos de usos pessoal e doméstico,51,Comércio por atacado e representantes comerciais e agentes do comércio,G,"Comércio; reparação de veículos automotores, objetos pessoais e domésticos"
51446,Comércio atacadista de eletrodomésticos e outros equipamentos de usos pessoal e doméstico,51.4,Comércio atacadista de artigos de usos pessoal e doméstico,51,Comércio por atacado e representantes comerciais e agentes do comércio,G,"Comércio; reparação de veículos automotores, objetos pessoais e domésticos"
51527,Comércio atacadista de produtos extrativos de origem mineral,51.5,"Comércio atacadista de produtos intermediários não-agropecuários, resíduos e sucatas",51,Comércio por atacado e representantes comerciais e agentes do comércio,G,"Comércio; reparação de veículos automotores, objetos pessoais e domésticos"
51535,"Comércio atacadista de madeira, material de construção, ferragens e ferramentas",51.5,"Comércio atacadista de produtos intermediários não-agropecuários, resíduos e sucatas",51,Comércio por atacado e representantes comerciais e agentes do comércio,G,"Comércio; reparação de veículos automotores, objetos pessoais e domésticos"
51594,"Comércio atacadista de outros produtos intermediários não agropecuários, não especificados anteriormente",51.5,"Comércio atacadista de produtos intermediários não-agropecuários, resíduos e sucatas",51,Comércio por atacado e representantes comerciais e agentes do comércio,G,"Comércio; reparação de veículos automotores, objetos pessoais e domésticos"
51551,Comércio atacadista de resíduos e sucatas,51.5,"Comércio atacadista de produtos intermediários não-agropecuários, resíduos e sucatas",51,Comércio por atacado e representantes comerciais e agentes do comércio,G,"Comércio; reparação de veículos automotores, objetos pessoais e domésticos"
51543,Comércio atacadista de produtos químicos,51.5,"Comércio atacadista de produtos intermediários não-agropecuários, resíduos e sucatas",51,Comércio por atacado e representantes comerciais e agentes do comércio,G,"Comércio; reparação de veículos automotores, objetos pessoais e domésticos"
51519,Comércio atacadista de combustíveis,51.5,"Comércio atacadista de produtos intermediários não-agropecuários, resíduos e sucatas",51,Comércio por atacado e representantes comerciais e agentes do comércio,G,"Comércio; reparação de veículos automotores, objetos pessoais e domésticos"
51640,Comércio atacadista de máquinas e equipamentos para o comércio e escritório,51.6,"Comércio atacadista de máquinas, aparelhos e equipamentos para usos agropecuário, comercial, de escritório, industrial, técnico e profissional",51,Comércio por atacado e representantes comerciais e agentes do comércio,G,"Comércio; reparação de veículos automotores, objetos pessoais e domésticos"
51616,"Comércio atacadista de máquinas, aparelhos e equipamentos para uso agropecuário",51.6,"Comércio atacadista de máquinas, aparelhos e equipamentos para usos agropecuário, comercial, de escritório, industrial, técnico e profissional",51,Comércio por atacado e representantes comerciais e agentes do comércio,G,"Comércio; reparação de veículos automotores, objetos pessoais e domésticos"
51659,"Comércio atacadista de computadores, equipamentos de telefonia e comunicação, partes e peças",51.6,"Comércio atacadista de máquinas, aparelhos e equipamentos para usos agropecuário, comercial, de escritório, industrial, técnico e profissional",51,Comércio por atacado e representantes comerciais e agentes do comércio,G,"Comércio; reparação de veículos automotores, objetos pessoais e domésticos"
51691,"Comércio atacadista de máquinas, aparelhos e equipamentos para usos industrial, técnico e profissional, e outros usos, não especificados anteriormente",51.6,"Comércio atacadista de máquinas, aparelhos e equipamentos para usos agropecuário, comercial, de escritório, industrial, técnico e profissional",51,Comércio por atacado e representantes comerciais e agentes do comércio,G,"Comércio; reparação de veículos automotores, objetos pessoais e domésticos"
51926,Comércio atacadista especializado em mercadorias não especificadas anteriormente,51.9,Comércio atacadista de mercadorias em geral ou não compreendidas nos grupos anteriores,51,Comércio por atacado e representantes comerciais e agentes do comércio,G,"Comércio; reparação de veículos automotores, objetos pessoais e domésticos"
51918,Comércio atacadista de mercadorias em geral (não especializado),51.9,Comércio atacadista de mercadorias em geral ou não compreendidas nos grupos anteriores,51,Comércio por atacado e representantes comerciais e agentes do comércio,G,"Comércio; reparação de veículos automotores, objetos pessoais e domésticos"
52159,"Comércio varejista não especializado, sem predominância de produtos alimentícios",52.1,Comércio varejista não especializado,52,Comércio varejista e reparação de objetos pessoais e domésticos,G,"Comércio; reparação de veículos automotores, objetos pessoais e domésticos"
52124,"Comércio varejista de mercadorias em geral, com predominância de produtos alimentícios, com área de venda entre 300 e 5000 metros quadrados - supermercados",52.1,Comércio varejista não especializado,52,Comércio varejista e reparação de objetos pessoais e domésticos,G,"Comércio; reparação de veículos automotores, objetos pessoais e domésticos"
52140,"Comércio varejista de mercadorias em geral, com predominância de produtos alimentícios indústrializados - lojas de conveniência",52.1,Comércio varejista não especializado,52,Comércio varejista e reparação de objetos pessoais e domésticos,G,"Comércio; reparação de veículos automotores, objetos pessoais e domésticos"
52116,"Comércio varejista de mercadorias em geral, com predominância de produtos alimentícios, com área de venda superior a 5000 metros quadrados - hipermercados",52.1,Comércio varejista não especializado,52,Comércio varejista e reparação de objetos pessoais e domésticos,G,"Comércio; reparação de veículos automotores, objetos pessoais e domésticos"
52132,"Comércio varejista de mercadorias em geral, com predominância de produtos alimentícios, com área de venda inferior a 300 metros quadrados - exceto lojas de conveniência",52.1,Comércio varejista não especializado,52,Comércio varejista e reparação de objetos pessoais e domésticos,G,"Comércio; reparação de veículos automotores, objetos pessoais e domésticos"
52230,Comércio varejista de carnes - açougues,52.2,"Comércio varejista de produtos alimentícios, bebidas e fumo",52,Comércio varejista e reparação de objetos pessoais e domésticos,G,"Comércio; reparação de veículos automotores, objetos pessoais e domésticos"
52299,Comércio varejista de outros produtos alimentícios não especificados anteriormente e de produtos do fumo,52.2,"Comércio varejista de produtos alimentícios, bebidas e fumo",52,Comércio varejista e reparação de objetos pessoais e domésticos,G,"Comércio; reparação de veículos automotores, objetos pessoais e domésticos"
52248,Comércio varejista de bebidas,52.2,"Comércio varejista de produtos alimentícios, bebidas e fumo",52,Comércio varejista e reparação de objetos pessoais e domésticos,G,"Comércio; reparação de veículos automotores, objetos pessoais e domésticos"
52213,"Comércio varejista de produtos de padaria, de laticínio, frios e conservas",52.2,"Comércio varejista de produtos alimentícios, bebidas e fumo",52,Comércio varejista e reparação de objetos pessoais e domésticos,G,"Comércio; reparação de veículos automotores, objetos pessoais e domésticos"
52221,"Comércio varejista de balas, bombons e semelhantes",52.2,"Comércio varejista de produtos alimentícios, bebidas e fumo",52,Comércio varejista e reparação de objetos pessoais e domésticos,G,"Comércio; reparação de veículos automotores, objetos pessoais e domésticos"
52310,Comércio varejista de tecidos e artigos de armarinho,52.3,"Comércio varejista de tecidos, artigos de armarinho, vestuário e calçados",52,Comércio varejista e reparação de objetos pessoais e domésticos,G,"Comércio; reparação de veículos automotores, objetos pessoais e domésticos"
52329,Comércio varejista de artigos do vestuário e complementos,52.3,"Comércio varejista de tecidos, artigos de armarinho, vestuário e calçados",52,Comércio varejista e reparação de objetos pessoais e domésticos,G,"Comércio; reparação de veículos automotores, objetos pessoais e domésticos"
52337,"Comércio varejista de calçados, artigos de couro e viagem",52.3,"Comércio varejista de tecidos, artigos de armarinho, vestuário e calçados",52,Comércio varejista e reparação de objetos pessoais e domésticos,G,"Comércio; reparação de veículos automotores, objetos pessoais e domésticos"
52442,"Comércio varejista de material de construção, ferragens e ferramentas manuais; vidros, espelhos e vitrais; tintas e madeiras",52.4,Comércio varejista de outros produtos,52,Comércio varejista e reparação de objetos pessoais e domésticos,G,"Comércio; reparação de veículos automotores, objetos pessoais e domésticos"
52418,"Comércio varejista de produtos farmacêuticos, artigos médicos e ortopédicos, de perfumaria e cosméticos",52.4,Comércio varejista de outros produtos,52,Comércio varejista e reparação de objetos pessoais e domésticos,G,"Comércio; reparação de veículos automotores, objetos pessoais e domésticos"
52426,"Comércio varejista de máquinas e aparelhos de usos doméstico e pessoal, discos e instrumentos musicais",52.4,Comércio varejista de outros produtos,52,Comércio varejista e reparação de objetos pessoais e domésticos,G,"Comércio; reparação de veículos automotores, objetos pessoais e domésticos"
52477,Comércio varejista de gás liquefeito de petróleo (glp),52.4,Comércio varejista de outros produtos,52,Comércio varejista e reparação de objetos pessoais e domésticos,G,"Comércio; reparação de veículos automotores, objetos pessoais e domésticos"
52469,"Comércio varejista de livros, jornais, revistas e papelaria",52.4,Comércio varejista de outros produtos,52,Comércio varejista e reparação de objetos pessoais e domésticos,G,"Comércio; reparação de veículos automotores, objetos pessoais e domésticos"
52493,Comércio varejista de outros produtos não especificados anteriormente,52.4,Comércio varejista de outros produtos,52,Comércio varejista e reparação de objetos pessoais e domésticos,G,"Comércio; reparação de veículos automotores, objetos pessoais e domésticos"
52434,"Comércio varejista de móveis, artigos de iluminação e outros artigos para residência",52.4,Comércio varejista de outros produtos,52,Comércio varejista e reparação de objetos pessoais e domésticos,G,"Comércio; reparação de veículos automotores, objetos pessoais e domésticos"
52450,"Comércio varejista de equipamentos e materiais para escritório; informática e comunicação, inclusive suprimentos",52.4,Comércio varejista de outros produtos,52,Comércio varejista e reparação de objetos pessoais e domésticos,G,"Comércio; reparação de veículos automotores, objetos pessoais e domésticos"
52507,Comércio varejista de artigos usados,52.5,Comércio varejista de artigos usados,52,Comércio varejista e reparação de objetos pessoais e domésticos,G,"Comércio; reparação de veículos automotores, objetos pessoais e domésticos"
52698,Outros tipos de comércio varejista,52.6,Outras atividades do comércio varejista,52,Comércio varejista e reparação de objetos pessoais e domésticos,G,"Comércio; reparação de veículos automotores, objetos pessoais e domésticos"
52620,"Comércio em vias públicas, exceto em quiosques fixos",52.6,Outras atividades do comércio varejista,52,Comércio varejista e reparação de objetos pessoais e domésticos,G,"Comércio; reparação de veículos automotores, objetos pessoais e domésticos"
52795,Reparação de outros objetos pessoais e domésticos,52.7,Reparação de objetos pessoais e domésticos,52,Comércio varejista e reparação de objetos pessoais e domésticos,G,"Comércio; reparação de veículos automotores, objetos pessoais e domésticos"
52728,Reparação de calçados,52.7,Reparação de objetos pessoais e domésticos,52,Comércio varejista e reparação de objetos pessoais e domésticos,G,"Comércio; reparação de veículos automotores, objetos pessoais e domésticos"
52710,Reparação e manutenção de máquinas e de aparelhos eletrodomésticos,52.7,Reparação de objetos pessoais e domésticos,52,Comércio varejista e reparação de objetos pessoais e domésticos,G,"Comércio; reparação de veículos automotores, objetos pessoais e domésticos"
55190,Outros tipos de alojamento,55.1,Estabelecimentos hoteleiros e outros tipos de alojamento temporário,55,Alojamento e alimentação,H,Alojamento e alimentação
55131,Estabelecimentos hoteleiros,55.1,Estabelecimentos hoteleiros e outros tipos de alojamento temporário,55,Alojamento e alimentação,H,Alojamento e alimentação
55247,Fornecimento de comida preparada,55.2,Restaurantes e outros estabelecimentos de serviços de alimentação,55,Alojamento e alimentação,H,Alojamento e alimentação
55298,Outros serviços de alimentação,55.2,Restaurantes e outros estabelecimentos de serviços de alimentação,55,Alojamento e alimentação,H,Alojamento e alimentação
55220,Lanchonetes e similares,55.2,Restaurantes e outros estabelecimentos de serviços de alimentação,55,Alojamento e alimentação,H,Alojamento e alimentação
55239,Cantinas (serviços de alimentação privativos),55.2,Restaurantes e outros estabelecimentos de serviços de alimentação,55,Alojamento e alimentação,H,Alojamento e alimentação
55212,"Restaurantes e estabelecimentos de bebidas, com serviço completo",55.2,Restaurantes e outros estabelecimentos de serviços de alimentação,55,Alojamento e alimentação,H,Alojamento e alimentação
60100,Transporte ferroviário interurbano,60.1,Transporte ferroviário interurbano,60,Transporte terrestre,I,"Transporte, armazenagem e comunicações"
60232,"Transporte rodoviário de passageiros, regular, urbano",60.2,Outros transportes terrestres,60,Transporte terrestre,I,"Transporte, armazenagem e comunicações"
60224,Transporte metroviário,60.2,Outros transportes terrestres,60,Transporte terrestre,I,"Transporte, armazenagem e comunicações"
60240,"Transporte rodoviário de passageiros, regular, não urbano",60.2,Outros transportes terrestres,60,Transporte terrestre,I,"Transporte, armazenagem e comunicações"
60259,"Transporte rodoviário de passageiros, não regular",60.2,Outros transportes terrestres,60,Transporte terrestre,I,"Transporte, armazenagem e comunicações"
60275,Transporte rodoviário de produtos perigosos,60.2,Outros transportes terrestres,60,Transporte terrestre,I,"Transporte, armazenagem e comunicações"
60267,"Transporte rodoviário de cargas, em geral",60.2,Outros transportes terrestres,60,Transporte terrestre,I,"Transporte, armazenagem e comunicações"
60216,"Transporte ferroviário de passageiros, urbano",60.2,Outros transportes terrestres,60,Transporte terrestre,I,"Transporte, armazenagem e comunicações"
60283,Transporte rodoviário de mudanças,60.2,Outros transportes terrestres,60,Transporte terrestre,I,"Transporte, armazenagem e comunicações"
60291,"Transporte regular em bondes, funiculares, teleféricos ou trens próprios para exploração de pontos turísticos",60.2,Outros transportes terrestres,60,Transporte terrestre,I,"Transporte, armazenagem e comunicações"
60305,Transporte dutoviário,60.3,Transporte dutoviário,60,Transporte terrestre,I,"Transporte, armazenagem e comunicações"
61123,Transporte marítimo de longo curso,61.1,Transporte marítimo de cabotagem e longo curso,61,Transporte aquaviário,I,"Transporte, armazenagem e comunicações"
61115,Transporte marítimo de cabotagem,61.1,Transporte marítimo de cabotagem e longo curso,61,Transporte aquaviário,I,"Transporte, armazenagem e comunicações"
61220,Transporte por navegação interior de carga,61.2,Outros transportes aquaviários,61,Transporte aquaviário,I,"Transporte, armazenagem e comunicações"
61212,Transporte por navegação interior de passageiros,61.2,Outros transportes aquaviários,61,Transporte aquaviário,I,"Transporte, armazenagem e comunicações"
61239,Transporte aquaviário urbano,61.2,Outros transportes aquaviários,61,Transporte aquaviário,I,"Transporte, armazenagem e comunicações"
62103,"Transporte aéreo, regular",62.1,"Transporte aéreo, regular",62,Transporte aéreo,I,"Transporte, armazenagem e comunicações"
62200,"Transporte aéreo, não regular",62.2,"Transporte aéreo, não regular",62,Transporte aéreo,I,"Transporte, armazenagem e comunicações"
62308,Transporte espacial,62.3,Transporte espacial,62,Transporte aéreo,I,"Transporte, armazenagem e comunicações"
63118,Carga e descarga,63.1,Movimentação e armazenamento de cargas,63,Atividades anexas e auxiliares dos transportes e agências de viagem,I,"Transporte, armazenagem e comunicações"
63126,Armazenamento e depósitos de cargas,63.1,Movimentação e armazenamento de cargas,63,Atividades anexas e auxiliares dos transportes e agências de viagem,I,"Transporte, armazenagem e comunicações"
63223,Atividades auxiliares dos transportes aquaviários,63.2,Atividades auxiliares dos transportes,63,Atividades anexas e auxiliares dos transportes e agências de viagem,I,"Transporte, armazenagem e comunicações"
63231,Atividades auxiliares dos transportes aéreos,63.2,Atividades auxiliares dos transportes,63,Atividades anexas e auxiliares dos transportes e agências de viagem,I,"Transporte, armazenagem e comunicações"
63215,Atividades auxiliares dos transportes terrestres,63.2,Atividades auxiliares dos transportes,63,Atividades anexas e auxiliares dos transportes e agências de viagem,I,"Transporte, armazenagem e comunicações"
63304,Atividades de agências de viagens e organizadores de viagem,63.3,Atividades de agências de viagens e organizadores de viagem,63,Atividades anexas e auxiliares dos transportes e agências de viagem,I,"Transporte, armazenagem e comunicações"
63401,Atividades relacionadas à organização do transporte de cargas,63.4,Atividades relacionadas à organização do transporte de cargas,63,Atividades anexas e auxiliares dos transportes e agências de viagem,I,"Transporte, armazenagem e comunicações"
64122,Atividades de malote e entrega,64.1,Correio e outras atividades de entrega,64,Correio e telecomunicações,I,"Transporte, armazenagem e comunicações"
64114,Atividades de correio nacional,64.1,Correio e outras atividades de entrega,64,Correio e telecomunicações,I,"Transporte, armazenagem e comunicações"
64203,Telecomunicações,64.2,Telecomunicações,64,Correio e telecomunicações,I,"Transporte, armazenagem e comunicações"
65102,Banco central,65.1,Banco central,65,Intermediação financeira,J,"Intermediação financeira, seguros, previdência complementar e serviços relacionados"
65218,Bancos comerciais,65.2,Intermediação monetária - depósitos à vista,65,Intermediação financeira,J,"Intermediação financeira, seguros, previdência complementar e serviços relacionados"
65234,Caixas econômicas,65.2,Intermediação monetária - depósitos à vista,65,Intermediação financeira,J,"Intermediação financeira, seguros, previdência complementar e serviços relacionados"
65242,Crédito cooperativo,65.2,Intermediação monetária - depósitos à vista,65,Intermediação financeira,J,"Intermediação financeira, seguros, previdência complementar e serviços relacionados"
65226,Bancos múltiplos (com carteira comercial),65.2,Intermediação monetária - depósitos à vista,65,Intermediação financeira,J,"Intermediação financeira, seguros, previdência complementar e serviços relacionados"
65323,Bancos de investimento,65.3,Intermediação não monetária - outros tipos de depósitos,65,Intermediação financeira,J,"Intermediação financeira, seguros, previdência complementar e serviços relacionados"
65358,"Sociedades de crédito, financiamento e investimento",65.3,Intermediação não monetária - outros tipos de depósitos,65,Intermediação financeira,J,"Intermediação financeira, seguros, previdência complementar e serviços relacionados"
65315,Bancos múltiplos (sem carteira comercial),65.3,Intermediação não monetária - outros tipos de depósitos,65,Intermediação financeira,J,"Intermediação financeira, seguros, previdência complementar e serviços relacionados"
65340,Crédito imobiliário,65.3,Intermediação não monetária - outros tipos de depósitos,65,Intermediação financeira,J,"Intermediação financeira, seguros, previdência complementar e serviços relacionados"
65331,Bancos de desenvolvimento,65.3,Intermediação não monetária - outros tipos de depósitos,65,Intermediação financeira,J,"Intermediação financeira, seguros, previdência complementar e serviços relacionados"
65404,Arrendamento mercantil,65.4,Arrendamento mercantil,65,Intermediação financeira,J,"Intermediação financeira, seguros, previdência complementar e serviços relacionados"
65595,Outras atividades de concessão de crédito,65.5,Outras atividades de concessão de crédito,65,Intermediação financeira,J,"Intermediação financeira, seguros, previdência complementar e serviços relacionados"
65510,Agências de fomento,65.5,Outras atividades de concessão de crédito,65,Intermediação financeira,J,"Intermediação financeira, seguros, previdência complementar e serviços relacionados"
65927,Sociedades de capitalização,65.9,"Outras atividades de intermediação financeira, não especificadas anteriormente",65,Intermediação financeira,J,"Intermediação financeira, seguros, previdência complementar e serviços relacionados"
65919,Fundos de investimento,65.9,"Outras atividades de intermediação financeira, não especificadas anteriormente",65,Intermediação financeira,J,"Intermediação financeira, seguros, previdência complementar e serviços relacionados"
65994,"Outras atividades de intermediação financeira, não especificadas anteriormente",65.9,"Outras atividades de intermediação financeira, não especificadas anteriormente",65,Intermediação financeira,J,"Intermediação financeira, seguros, previdência complementar e serviços relacionados"
65935,Gestão de ativos intangíveis não financeiros,65.9,"Outras atividades de intermediação financeira, não especificadas anteriormente",65,Intermediação financeira,J,"Intermediação financeira, seguros, previdência complementar e serviços relacionados"
66133,Resseguros,66.1,Seguros de vida e não-vida,66,Seguros e previdência complementar,J,"Intermediação financeira, seguros, previdência complementar e serviços relacionados"
66117,Seguros de vida,66.1,Seguros de vida e não-vida,66,Seguros e previdência complementar,J,"Intermediação financeira, seguros, previdência complementar e serviços relacionados"
66125,Seguros não-vida,66.1,Seguros de vida e não-vida,66,Seguros e previdência complementar,J,"Intermediação financeira, seguros, previdência complementar e serviços relacionados"
66222,Previdência complementar aberta,66.2,Previdência complementar,66,Seguros e previdência complementar,J,"Intermediação financeira, seguros, previdência complementar e serviços relacionados"
66214,Previdência complementar fechada,66.2,Previdência complementar,66,Seguros e previdência complementar,J,"Intermediação financeira, seguros, previdência complementar e serviços relacionados"
66303,Planos de saúde,66.3,Planos de saúde,66,Seguros e previdência complementar,J,"Intermediação financeira, seguros, previdência complementar e serviços relacionados"
67121,Atividades de intermediários em transações de títulos e valores mobiliários,67.1,Atividades auxiliares da intermediação financeira,67,"Atividades auxiliares da intermediação financeira, seguros e previdência complementar",J,"Intermediação financeira, seguros, previdência complementar e serviços relacionados"
67113,Administração de mercados bursáteis,67.1,Atividades auxiliares da intermediação financeira,67,"Atividades auxiliares da intermediação financeira, seguros e previdência complementar",J,"Intermediação financeira, seguros, previdência complementar e serviços relacionados"
67199,"Outras atividades auxiliares da intermediação financeira, não especificadas anteriormente",67.1,Atividades auxiliares da intermediação financeira,67,"Atividades auxiliares da intermediação financeira, seguros e previdência complementar",J,"Intermediação financeira, seguros, previdência complementar e serviços relacionados"
67202,Atividades auxiliares dos seguros e da previdência complementar,67.2,Atividades auxiliares dos seguros e da previdência complementar,67,"Atividades auxiliares da intermediação financeira, seguros e previdência complementar",J,"Intermediação financeira, seguros, previdência complementar e serviços relacionados"
70106,Incorporação e compra e venda de imóveis,70.1,Incorporação e compra e venda de imóveis,70,Atividades imobiliárias,K,"Atividades imobiliárias, aluguéis e serviços prestados às empresas"
70203,Aluguel de imóveis,70.2,Aluguel de imóveis,70,Atividades imobiliárias,K,"Atividades imobiliárias, aluguéis e serviços prestados às empresas"
70319,Corretagem e avaliação de imóveis,70.3,Atividades imobiliárias por conta de terceiros,70,Atividades imobiliárias,K,"Atividades imobiliárias, aluguéis e serviços prestados às empresas"
70327,Administração de imóveis por conta de terceiros,70.3,Atividades imobiliárias por conta de terceiros,70,Atividades imobiliárias,K,"Atividades imobiliárias, aluguéis e serviços prestados às empresas"
70408,Condomínios prediais,70.4,Condomínios prediais,70,Atividades imobiliárias,K,"Atividades imobiliárias, aluguéis e serviços prestados às empresas"
71102,Aluguel de automóveis,71.1,Aluguel de automóveis,71,"Aluguel de veículos, máquinas e equipamentos sem condutores ou operadores e de objetos pessoais e domésticos",K,"Atividades imobiliárias, aluguéis e serviços prestados às empresas"
71226,Aluguel de embarcações,71.2,Aluguel de outros meios de transporte,71,"Aluguel de veículos, máquinas e equipamentos sem condutores ou operadores e de objetos pessoais e domésticos",K,"Atividades imobiliárias, aluguéis e serviços prestados às empresas"
71218,Aluguel de outros meios de transporte terrestre,71.2,Aluguel de outros meios de transporte,71,"Aluguel de veículos, máquinas e equipamentos sem condutores ou operadores e de objetos pessoais e domésticos",K,"Atividades imobiliárias, aluguéis e serviços prestados às empresas"
71234,Aluguel de aeronaves,71.2,Aluguel de outros meios de transporte,71,"Aluguel de veículos, máquinas e equipamentos sem condutores ou operadores e de objetos pessoais e domésticos",K,"Atividades imobiliárias, aluguéis e serviços prestados às empresas"
71315,Aluguel de máquinas e equipamentos agrícolas,71.3,Aluguel de máquinas e equipamentos,71,"Aluguel de veículos, máquinas e equipamentos sem condutores ou operadores e de objetos pessoais e domésticos",K,"Atividades imobiliárias, aluguéis e serviços prestados às empresas"
71331,Aluguel de máquinas e equipamentos para escritórios,71.3,Aluguel de máquinas e equipamentos,71,"Aluguel de veículos, máquinas e equipamentos sem condutores ou operadores e de objetos pessoais e domésticos",K,"Atividades imobiliárias, aluguéis e serviços prestados às empresas"
71323,Aluguel de máquinas e equipamentos para construção e engenharia civil,71.3,Aluguel de máquinas e equipamentos,71,"Aluguel de veículos, máquinas e equipamentos sem condutores ou operadores e de objetos pessoais e domésticos",K,"Atividades imobiliárias, aluguéis e serviços prestados às empresas"
71390,"Aluguel de máquinas e equipamentos de outros tipos, não especificados anteriormente",71.3,Aluguel de máquinas e equipamentos,71,"Aluguel de veículos, máquinas e equipamentos sem condutores ou operadores e de objetos pessoais e domésticos",K,"Atividades imobiliárias, aluguéis e serviços prestados às empresas"
71404,Aluguel de objetos pessoais e domésticos,71.4,Aluguel de objetos pessoais e domésticos,71,"Aluguel de veículos, máquinas e equipamentos sem condutores ou operadores e de objetos pessoais e domésticos",K,"Atividades imobiliárias, aluguéis e serviços prestados às empresas"
72109,Consultoria em hardware,72.1,Consultoria em hardware,72,Atividades de informática e serviços relacionados,K,"Atividades imobiliárias, aluguéis e serviços prestados às empresas"
72214,Desenvolvimento e edição de softwares prontos para uso,72.2,Consultoria em software,72,Atividades de informática e serviços relacionados,K,"Atividades imobiliárias, aluguéis e serviços prestados às empresas"
72290,Desenvolvimento de softwares sob encomenda e outras consultorias em software,72.2,Consultoria em software,72,Atividades de informática e serviços relacionados,K,"Atividades imobiliárias, aluguéis e serviços prestados às empresas"
72303,Processamento de dados,72.3,Processamento de dados,72,Atividades de informática e serviços relacionados,K,"Atividades imobiliárias, aluguéis e serviços prestados às empresas"
72400,Atividades de banco de dados e distribuição on-line de conteúdo eletrônico,72.4,Atividades de banco de dados e distribuição on-line de conteúdo eletrônico,72,Atividades de informática e serviços relacionados,K,"Atividades imobiliárias, aluguéis e serviços prestados às empresas"
72508,Manutenção e reparação de máquinas de escritório e de informática,72.5,Manutenção e reparação de máquinas de escritório e de informática,72,Atividades de informática e serviços relacionados,K,"Atividades imobiliárias, aluguéis e serviços prestados às empresas"
72907,"Outras atividades de informática, não especificadas anteriormente",72.9,"Outras atividades de informática, não especificadas anteriormente",72,Atividades de informática e serviços relacionados,K,"Atividades imobiliárias, aluguéis e serviços prestados às empresas"
73105,Pesquisa e desenvolvimento das ciências físicas e naturais,73.1,Pesquisa e desenvolvimento das ciências físicas e naturais,73,Pesquisa e desenvolvimento,K,"Atividades imobiliárias, aluguéis e serviços prestados às empresas"
73202,Pesquisa e desenvolvimento das ciências sociais e humanas,73.2,Pesquisa e desenvolvimento das ciências sociais e humanas,73,Pesquisa e desenvolvimento,K,"Atividades imobiliárias, aluguéis e serviços prestados às empresas"
74152,Sedes de empresas e unidades administrativas locais,74.1,"Atividades jurídicas, contábeis e de assessoria empresarial",74,Serviços prestados principalmente às empresas,K,"Atividades imobiliárias, aluguéis e serviços prestados às empresas"
74128,Atividades de contabilidade e auditoria,74.1,"Atividades jurídicas, contábeis e de assessoria empresarial",74,Serviços prestados principalmente às empresas,K,"Atividades imobiliárias, aluguéis e serviços prestados às empresas"
74160,Atividades de assessoria em gestão empresarial,74.1,"Atividades jurídicas, contábeis e de assessoria empresarial",74,Serviços prestados principalmente às empresas,K,"Atividades imobiliárias, aluguéis e serviços prestados às empresas"
74110,Atividades jurídicas,74.1,"Atividades jurídicas, contábeis e de assessoria empresarial",74,Serviços prestados principalmente às empresas,K,"Atividades imobiliárias, aluguéis e serviços prestados às empresas"
74136,Pesquisas de mercado e de opinião pública,74.1,"Atividades jurídicas, contábeis e de assessoria empresarial",74,Serviços prestados principalmente às empresas,K,"Atividades imobiliárias, aluguéis e serviços prestados às empresas"
74144,Gestão de participações societárias (holdings),74.1,"Atividades jurídicas, contábeis e de assessoria empresarial",74,Serviços prestados principalmente às empresas,K,"Atividades imobiliárias, aluguéis e serviços prestados às empresas"
74209,Serviços de arquitetura e engenharia e de assessoramento técnico especializado,74.2,Serviços de arquitetura e engenharia e de assessoramento técnico especializado,74,Serviços prestados principalmente às empresas,K,"Atividades imobiliárias, aluguéis e serviços prestados às empresas"
74306,Ensaios de materiais e de produtos; análise de qualidade,74.3,Ensaios de materiais e de produtos; análise de qualidade,74,Serviços prestados principalmente às empresas,K,"Atividades imobiliárias, aluguéis e serviços prestados às empresas"
74403,Publicidade,74.4,Publicidade,74,Serviços prestados principalmente às empresas,K,"Atividades imobiliárias, aluguéis e serviços prestados às empresas"
74500,"Seleção, agenciamento e locação de mão-de-obra",74.5,"Seleção, agenciamento e locação de mão-de-obra",74,Serviços prestados principalmente às empresas,K,"Atividades imobiliárias, aluguéis e serviços prestados às empresas"
74608,"Atividades de investigação, vigilância e segurança",74.6,"Atividades de investigação, vigilância e segurança",74,Serviços prestados principalmente às empresas,K,"Atividades imobiliárias, aluguéis e serviços prestados às empresas"
74705,"Atividades de imunização, higienização e de limpeza em prédios e em domicílios",74.7,"Atividades de imunização, higienização e de limpeza em prédios e em domicílios",74,Serviços prestados principalmente às empresas,K,"Atividades imobiliárias, aluguéis e serviços prestados às empresas"
74918,Atividades fotográficas,74.9,Outras atividades de serviços prestados principalmente às empresas,74,Serviços prestados principalmente às empresas,K,"Atividades imobiliárias, aluguéis e serviços prestados às empresas"
74993,"Outras atividades de serviços prestados principalmente às empresas, não especificadas anteriormente",74.9,Outras atividades de serviços prestados principalmente às empresas,74,Serviços prestados principalmente às empresas,K,"Atividades imobiliárias, aluguéis e serviços prestados às empresas"
74926,"Atividades de envasamento e empacotamento, por conta de terceiros",74.9,Outras atividades de serviços prestados principalmente às empresas,74,Serviços prestados principalmente às empresas,K,"Atividades imobiliárias, aluguéis e serviços prestados às empresas"
75116,Administração pública em geral,75.1,Administração do estado e da política econômica e social,75,"Administração pública, defesa e seguridade social",L,"Administração pública, defesa e seguridade social"
75124,Regulação das atividades sociais e culturais,75.1,Administração do estado e da política econômica e social,75,"Administração pública, defesa e seguridade social",L,"Administração pública, defesa e seguridade social"
75140,Atividades de apoio à administração pública,75.1,Administração do estado e da política econômica e social,75,"Administração pública, defesa e seguridade social",L,"Administração pública, defesa e seguridade social"
75132,Regulação das atividades econômicas,75.1,Administração do estado e da política econômica e social,75,"Administração pública, defesa e seguridade social",L,"Administração pública, defesa e seguridade social"
75248,Segurança e ordem pública,75.2,Serviços coletivos prestados pela administração pública,75,"Administração pública, defesa e seguridade social",L,"Administração pública, defesa e seguridade social"
75230,Justiça,75.2,Serviços coletivos prestados pela administração pública,75,"Administração pública, defesa e seguridade social",L,"Administração pública, defesa e seguridade social"
75221,Defesa,75.2,Serviços coletivos prestados pela administração pública,75,"Administração pública, defesa e seguridade social",L,"Administração pública, defesa e seguridade social"
75213,Relações exteriores,75.2,Serviços coletivos prestados pela administração pública,75,"Administração pública, defesa e seguridade social",L,"Administração pública, defesa e seguridade social"
75256,Defesa civil,75.2,Serviços coletivos prestados pela administração pública,75,"Administração pública, defesa e seguridade social",L,"Administração pública, defesa e seguridade social"
75302,Seguridade social,75.3,Seguridade social,75,"Administração pública, defesa e seguridade social",L,"Administração pública, defesa e seguridade social"
80144,Educação infantil-pré-escola,80.1,Educação infantil e ensino fundamental,80,Educação,M,Educação
80152,Ensino fundamental,80.1,Educação infantil e ensino fundamental,80,Educação,M,Educação
80136,Educação infantil-creche,80.1,Educação infantil e ensino fundamental,80,Educação,M,Educação
80209,Ensino médio,80.2,Ensino médio,80,Educação,M,Educação
80322,Educação superior - graduação e pós-graduação,80.3,Educação superior,80,Educação,M,Educação
80330,Educação superior - pós-graduação e extensão,80.3,Educação superior,80,Educação,M,Educação
80314,Educação superior - graduação,80.3,Educação superior,80,Educação,M,Educação
80993,Outras atividades de ensino,80.9,Educação profissional e outras atividades de ensino,80,Educação,M,Educação
80969,Educação profissional de nível técnico,80.9,Educação profissional e outras atividades de ensino,80,Educação,M,Educação
80977,Educação profissional de nível tecnológico,80.9,Educação profissional e outras atividades de ensino,80,Educação,M,Educação
85138,Atividades de atenção ambulatorial,85.1,Atividades de atenção à saúde,85,Saúde e serviços sociais,N,Saúde e serviços sociais
85154,Atividades de outros profissionais da área de saúde,85.1,Atividades de atenção à saúde,85,Saúde e serviços sociais,N,Saúde e serviços sociais
85162,Outras atividades relacionadas com a atenção à saúde,85.1,Atividades de atenção à saúde,85,Saúde e serviços sociais,N,Saúde e serviços sociais
85146,Atividades de serviços de complementação diagnóstica ou terapêutica,85.1,Atividades de atenção à saúde,85,Saúde e serviços sociais,N,Saúde e serviços sociais
85120,Atividades de atendimento a urgências e emergências,85.1,Atividades de atenção à saúde,85,Saúde e serviços sociais,N,Saúde e serviços sociais
85111,Atividades de atendimento hospitalar,85.1,Atividades de atenção à saúde,85,Saúde e serviços sociais,N,Saúde e serviços sociais
85200,Serviços veterinários,85.2,Serviços veterinários,85,Saúde e serviços sociais,N,Saúde e serviços sociais
85324,Serviços sociais sem alojamento,85.3,Serviços sociais,85,Saúde e serviços sociais,N,Saúde e serviços sociais
85316,Serviços sociais com alojamento,85.3,Serviços sociais,85,Saúde e serviços sociais,N,Saúde e serviços sociais
90000,Limpeza urbana e esgoto e atividades relacionadas,90.0,Limpeza urbana e esgoto e atividades relacionadas,90,Limpeza urbana e esgoto e atividades relacionadas,O,"Outros serviços coletivos, sociais e pessoais"
91120,Atividades de organizações profissionais,91.1,"Atividades de organizações empresariais, patronais e profissionais",91,Atividades associativas,O,"Outros serviços coletivos, sociais e pessoais"
91111,Atividades de organizações empresariais e patronais,91.1,"Atividades de organizações empresariais, patronais e profissionais",91,Atividades associativas,O,"Outros serviços coletivos, sociais e pessoais"
91200,Atividades de organizações sindicais,91.2,Atividades de organizações sindicais,91,Atividades associativas,O,"Outros serviços coletivos, sociais e pessoais"
91928,Atividades de organizações políticas,91.9,Outras atividades associativas,91,Atividades associativas,O,"Outros serviços coletivos, sociais e pessoais"
91910,Atividades de organizações religiosas,91.9,Outras atividades associativas,91,Atividades associativas,O,"Outros serviços coletivos, sociais e pessoais"
91995,"Outras atividades associativas, não especificadas anteriormente",91.9,Outras atividades associativas,91,Atividades associativas,O,"Outros serviços coletivos, sociais e pessoais"
92134,Projeção de filmes e de vídeos,92.1,Atividades cinematográficas e de vídeo,92,"Atividades recreativas, culturais e desportivas",O,"Outros serviços coletivos, sociais e pessoais"
92126,Distribuição de filmes e de vídeos,92.1,Atividades cinematográficas e de vídeo,92,"Atividades recreativas, culturais e desportivas",O,"Outros serviços coletivos, sociais e pessoais"
92118,Produção de filmes cinematográficos e fitas de vídeo,92.1,Atividades cinematográficas e de vídeo,92,"Atividades recreativas, culturais e desportivas",O,"Outros serviços coletivos, sociais e pessoais"
92215,Atividades de rádio,92.2,Atividades de rádio e de televisão,92,"Atividades recreativas, culturais e desportivas",O,"Outros serviços coletivos, sociais e pessoais"
92223,Atividades de televisão,92.2,Atividades de rádio e de televisão,92,"Atividades recreativas, culturais e desportivas",O,"Outros serviços coletivos, sociais e pessoais"
92312,"Atividades de teatro, música e outras atividades artísticas e literárias",92.3,Outras atividades artísticas e de espetáculos,92,"Atividades recreativas, culturais e desportivas",O,"Outros serviços coletivos, sociais e pessoais"
92320,Gestão de salas de espetáculos,92.3,Outras atividades artísticas e de espetáculos,92,"Atividades recreativas, culturais e desportivas",O,"Outros serviços coletivos, sociais e pessoais"
92398,"Outras atividades de espetáculos, não especificadas anteriormente",92.3,Outras atividades artísticas e de espetáculos,92,"Atividades recreativas, culturais e desportivas",O,"Outros serviços coletivos, sociais e pessoais"
92401,Atividades de agências de notícias,92.4,Atividades de agências de notícias,92,"Atividades recreativas, culturais e desportivas",O,"Outros serviços coletivos, sociais e pessoais"
92525,Atividades de museus e de conservação do patrimônio histórico,92.5,"Atividades de bibliotecas, arquivos, museus e outras atividades culturais",92,"Atividades recreativas, culturais e desportivas",O,"Outros serviços coletivos, sociais e pessoais"
92517,Atividades de bibliotecas e arquivos,92.5,"Atividades de bibliotecas, arquivos, museus e outras atividades culturais",92,"Atividades recreativas, culturais e desportivas",O,"Outros serviços coletivos, sociais e pessoais"
92533,"Atividades de jardins botânicos, zoológicos, parques nacionais e reservas ecológicas",92.5,"Atividades de bibliotecas, arquivos, museus e outras atividades culturais",92,"Atividades recreativas, culturais e desportivas",O,"Outros serviços coletivos, sociais e pessoais"
92622,Outras atividades relacionadas ao lazer,92.6,Atividades desportivas e outras relacionadas ao lazer,92,"Atividades recreativas, culturais e desportivas",O,"Outros serviços coletivos, sociais e pessoais"
92614,Atividades desportivas,92.6,Atividades desportivas e outras relacionadas ao lazer,92,"Atividades recreativas, culturais e desportivas",O,"Outros serviços coletivos, sociais e pessoais"
93041,Atividades de manutenção do físico corporal,93.0,Serviços pessoais,93,,O,"Outros serviços coletivos, sociais e pessoais"
93017,Lavanderias e tinturarias,93.0,Serviços pessoais,93,,O,"Outros serviços coletivos, sociais e pessoais"
93025,Cabeleireiros e outros tratamentos de beleza,93.0,Serviços pessoais,93,,O,"Outros serviços coletivos, sociais e pessoais"
93092,"Outras atividades de serviços pessoais, não especificadas anteriormente",93.0,Serviços pessoais,93,,O,"Outros serviços coletivos, sociais e pessoais"
93033,Atividades funerárias e serviços relacionados,93.0,Serviços pessoais,93,,O,"Outros serviços coletivos, sociais e pessoais"
95001,Serviços domésticos,95.0,Serviços domésticos,95,Serviços domésticos,P,Serviços domésticos
99007,Organismos internacionais e outras instituições extraterritoriais,99.0,Organismos internacionais e outras instituições extraterritoriais,99,Organismos internacionais e outras instituições extraterritoriais,Q,Organismos internacionais e outras instituições extraterritoriais
